ip,rdns,app,organization,location,city,country
8.43.55.100,,Huawei Home Gateway telnetd,ideatek.com,38.060845:-97.929774,哈钦森,美国
3.88.8.112,,Huawei Home Gateway telnetd,Amazon.com  Inc.,39.043757:-77.487442,阿什本,美国
103.141.220.1,,Huawei router,PEG TECH INC,37.3386:-121.886002,圣何塞,美国
154.38.108.1,,Huawei VRP,Cogent Communications,37.09024:-95.712891,,美国
165.3.120.2,,Huawei VRP,woolworthsholdings.co.za,22.396428:114.109497,,中国
156.246.162.217,,Huawei router,MULTACOM CORPORATION,34.052234:-118.243685,洛杉矶,美国
156.247.9.254,,Huawei router,SonderCloud Limited,34.052234:-118.243685,洛杉矶,美国
164.155.105.233,,Huawei router,SANREN DATA LIMITED,22.396428:114.109497,,中国
166.150.243.47,47.sub-166-150-243.myvzw.com,Huawei telnetd,Cellco Partnership DBA Verizon Wireless,37.09024:-95.712891,,美国
164.155.105.225,,Huawei switch telnetd,SANREN DATA LIMITED,22.396428:114.109497,,中国
13.58.177.238,ec2-13-58-177-238.us-east-2.compute.amazonaws.com,Huawei Home Gateway telnetd,Amazon.com  Inc.,40.099229:-83.114077,都柏林,美国
23.224.91.249,23.224.91-249.rdns.cloudradium.com,Huawei VRP,CNSERVERS LLC,34.052234:-118.243685,洛杉矶,美国
169.237.247.93,noc-s1-1-1.ucdavis.edu,Huawei telnetd,ucdavis.edu,38.545006:-121.740546,戴维斯,美国
164.155.98.1,sk.s5.ans1.ns148.ztomy.com,Huawei router,SANREN DATA LIMITED,22.396428:114.109497,,中国
164.155.124.1,sk.s5.ans1.ns148.ztomy.com,Huawei router,SANREN DATA LIMITED,22.396428:114.109497,,中国
8.43.48.64,,Huawei Home Gateway telnetd,ideatek.com,38.060845:-97.929774,哈钦森,美国
164.155.88.129,ns1648.ztomy.com,Huawei router,SANREN DATA LIMITED,22.396428:114.109497,,中国
23.224.91.121,23.224.91-121.rdns.cloudradium.com,Huawei VRP,CNSERVERS LLC,34.052234:-118.243685,洛杉矶,美国
208.87.75.1,,Huawei telnetd,utm.edu,36.343397:-88.850338,马丁,美国
164.155.93.193,,Huawei router,SANREN DATA LIMITED,22.396428:114.109497,,中国
8.43.55.100,,Huawei Home Gateway telnetd,ideatek.com,38.060845:-97.929774,哈钦森,美国
3.88.8.112,,Huawei Home Gateway telnetd,Amazon.com  Inc.,39.043757:-77.487442,阿什本,美国
103.141.220.1,,Huawei router,PEG TECH INC,37.3386:-121.886002,圣何塞,美国
154.38.108.1,,Huawei VRP,Cogent Communications,37.09024:-95.712891,,美国
165.3.120.2,,Huawei VRP,woolworthsholdings.co.za,22.396428:114.109497,,中国
156.246.162.217,,Huawei router,MULTACOM CORPORATION,34.052234:-118.243685,洛杉矶,美国
156.247.9.254,,Huawei router,SonderCloud Limited,34.052234:-118.243685,洛杉矶,美国
164.155.105.233,,Huawei router,SANREN DATA LIMITED,22.396428:114.109497,,中国
166.150.243.47,47.sub-166-150-243.myvzw.com,Huawei telnetd,Cellco Partnership DBA Verizon Wireless,37.09024:-95.712891,,美国
164.155.105.225,,Huawei switch telnetd,SANREN DATA LIMITED,22.396428:114.109497,,中国
13.58.177.238,ec2-13-58-177-238.us-east-2.compute.amazonaws.com,Huawei Home Gateway telnetd,Amazon.com  Inc.,40.099229:-83.114077,都柏林,美国
23.224.91.249,23.224.91-249.rdns.cloudradium.com,Huawei VRP,CNSERVERS LLC,34.052234:-118.243685,洛杉矶,美国
169.237.247.93,noc-s1-1-1.ucdavis.edu,Huawei telnetd,ucdavis.edu,38.545006:-121.740546,戴维斯,美国
164.155.98.1,sk.s5.ans1.ns148.ztomy.com,Huawei router,SANREN DATA LIMITED,22.396428:114.109497,,中国
164.155.124.1,sk.s5.ans1.ns148.ztomy.com,Huawei router,SANREN DATA LIMITED,22.396428:114.109497,,中国
8.43.48.64,,Huawei Home Gateway telnetd,ideatek.com,38.060845:-97.929774,哈钦森,美国
164.155.88.129,ns1648.ztomy.com,Huawei router,SANREN DATA LIMITED,22.396428:114.109497,,中国
23.224.91.121,23.224.91-121.rdns.cloudradium.com,Huawei VRP,CNSERVERS LLC,34.052234:-118.243685,洛杉矶,美国
208.87.75.1,,Huawei telnetd,utm.edu,36.343397:-88.850338,马丁,美国
164.155.93.193,,Huawei router,SANREN DATA LIMITED,22.396428:114.109497,,中国
8.43.55.100,,Huawei Home Gateway telnetd,ideatek.com,38.060845:-97.929774,哈钦森,美国
3.88.8.112,,Huawei Home Gateway telnetd,Amazon.com  Inc.,39.043757:-77.487442,阿什本,美国
103.141.220.1,,Huawei router,PEG TECH INC,37.3386:-121.886002,圣何塞,美国
154.38.108.1,,Huawei VRP,Cogent Communications,37.09024:-95.712891,,美国
165.3.120.2,,Huawei VRP,woolworthsholdings.co.za,22.396428:114.109497,,中国
156.246.162.217,,Huawei router,MULTACOM CORPORATION,34.052234:-118.243685,洛杉矶,美国
156.247.9.254,,Huawei router,SonderCloud Limited,34.052234:-118.243685,洛杉矶,美国
164.155.105.233,,Huawei router,SANREN DATA LIMITED,22.396428:114.109497,,中国
166.150.243.47,47.sub-166-150-243.myvzw.com,Huawei telnetd,Cellco Partnership DBA Verizon Wireless,37.09024:-95.712891,,美国
164.155.105.225,,Huawei switch telnetd,SANREN DATA LIMITED,22.396428:114.109497,,中国
13.58.177.238,ec2-13-58-177-238.us-east-2.compute.amazonaws.com,Huawei Home Gateway telnetd,Amazon.com  Inc.,40.099229:-83.114077,都柏林,美国
23.224.91.249,23.224.91-249.rdns.cloudradium.com,Huawei VRP,CNSERVERS LLC,34.052234:-118.243685,洛杉矶,美国
169.237.247.93,noc-s1-1-1.ucdavis.edu,Huawei telnetd,ucdavis.edu,38.545006:-121.740546,戴维斯,美国
164.155.98.1,sk.s5.ans1.ns148.ztomy.com,Huawei router,SANREN DATA LIMITED,22.396428:114.109497,,中国
164.155.124.1,sk.s5.ans1.ns148.ztomy.com,Huawei router,SANREN DATA LIMITED,22.396428:114.109497,,中国
8.43.48.64,,Huawei Home Gateway telnetd,ideatek.com,38.060845:-97.929774,哈钦森,美国
164.155.88.129,ns1648.ztomy.com,Huawei router,SANREN DATA LIMITED,22.396428:114.109497,,中国
23.224.91.121,23.224.91-121.rdns.cloudradium.com,Huawei VRP,CNSERVERS LLC,34.052234:-118.243685,洛杉矶,美国
208.87.75.1,,Huawei telnetd,utm.edu,36.343397:-88.850338,马丁,美国
164.155.93.193,,Huawei router,SANREN DATA LIMITED,22.396428:114.109497,,中国
8.43.55.100,,Huawei Home Gateway telnetd,ideatek.com,38.060845:-97.929774,哈钦森,美国
3.88.8.112,,Huawei Home Gateway telnetd,Amazon.com  Inc.,39.043757:-77.487442,阿什本,美国
103.141.220.1,,Huawei router,PEG TECH INC,37.3386:-121.886002,圣何塞,美国
154.38.108.1,,Huawei VRP,Cogent Communications,37.09024:-95.712891,,美国
165.3.120.2,,Huawei VRP,woolworthsholdings.co.za,22.396428:114.109497,,中国
156.246.162.217,,Huawei router,MULTACOM CORPORATION,34.052234:-118.243685,洛杉矶,美国
156.247.9.254,,Huawei router,SonderCloud Limited,34.052234:-118.243685,洛杉矶,美国
164.155.105.233,,Huawei router,SANREN DATA LIMITED,22.396428:114.109497,,中国
166.150.243.47,47.sub-166-150-243.myvzw.com,Huawei telnetd,Cellco Partnership DBA Verizon Wireless,37.09024:-95.712891,,美国
164.155.105.225,,Huawei switch telnetd,SANREN DATA LIMITED,22.396428:114.109497,,中国
13.58.177.238,ec2-13-58-177-238.us-east-2.compute.amazonaws.com,Huawei Home Gateway telnetd,Amazon.com  Inc.,40.099229:-83.114077,都柏林,美国
23.224.91.249,23.224.91-249.rdns.cloudradium.com,Huawei VRP,CNSERVERS LLC,34.052234:-118.243685,洛杉矶,美国
169.237.247.93,noc-s1-1-1.ucdavis.edu,Huawei telnetd,ucdavis.edu,38.545006:-121.740546,戴维斯,美国
164.155.98.1,sk.s5.ans1.ns148.ztomy.com,Huawei router,SANREN DATA LIMITED,22.396428:114.109497,,中国
164.155.124.1,sk.s5.ans1.ns148.ztomy.com,Huawei router,SANREN DATA LIMITED,22.396428:114.109497,,中国
8.43.48.64,,Huawei Home Gateway telnetd,ideatek.com,38.060845:-97.929774,哈钦森,美国
164.155.88.129,ns1648.ztomy.com,Huawei router,SANREN DATA LIMITED,22.396428:114.109497,,中国
23.224.91.121,23.224.91-121.rdns.cloudradium.com,Huawei VRP,CNSERVERS LLC,34.052234:-118.243685,洛杉矶,美国
208.87.75.1,,Huawei telnetd,utm.edu,36.343397:-88.850338,马丁,美国
164.155.93.193,,Huawei router,SANREN DATA LIMITED,22.396428:114.109497,,中国
8.43.55.100,,Huawei Home Gateway telnetd,ideatek.com,38.060845:-97.929774,哈钦森,美国
3.88.8.112,,Huawei Home Gateway telnetd,Amazon.com  Inc.,39.043757:-77.487442,阿什本,美国
103.141.220.1,,Huawei router,PEG TECH INC,37.3386:-121.886002,圣何塞,美国
154.38.108.1,,Huawei VRP,Cogent Communications,37.09024:-95.712891,,美国
165.3.120.2,,Huawei VRP,woolworthsholdings.co.za,22.396428:114.109497,,中国
156.246.162.217,,Huawei router,MULTACOM CORPORATION,34.052234:-118.243685,洛杉矶,美国
156.247.9.254,,Huawei router,SonderCloud Limited,34.052234:-118.243685,洛杉矶,美国
164.155.105.233,,Huawei router,SANREN DATA LIMITED,22.396428:114.109497,,中国
166.150.243.47,47.sub-166-150-243.myvzw.com,Huawei telnetd,Cellco Partnership DBA Verizon Wireless,37.09024:-95.712891,,美国
164.155.105.225,,Huawei switch telnetd,SANREN DATA LIMITED,22.396428:114.109497,,中国
13.58.177.238,ec2-13-58-177-238.us-east-2.compute.amazonaws.com,Huawei Home Gateway telnetd,Amazon.com  Inc.,40.099229:-83.114077,都柏林,美国
23.224.91.249,23.224.91-249.rdns.cloudradium.com,Huawei VRP,CNSERVERS LLC,34.052234:-118.243685,洛杉矶,美国
169.237.247.93,noc-s1-1-1.ucdavis.edu,Huawei telnetd,ucdavis.edu,38.545006:-121.740546,戴维斯,美国
164.155.98.1,sk.s5.ans1.ns148.ztomy.com,Huawei router,SANREN DATA LIMITED,22.396428:114.109497,,中国
164.155.124.1,sk.s5.ans1.ns148.ztomy.com,Huawei router,SANREN DATA LIMITED,22.396428:114.109497,,中国
8.43.48.64,,Huawei Home Gateway telnetd,ideatek.com,38.060845:-97.929774,哈钦森,美国
164.155.88.129,ns1648.ztomy.com,Huawei router,SANREN DATA LIMITED,22.396428:114.109497,,中国
23.224.91.121,23.224.91-121.rdns.cloudradium.com,Huawei VRP,CNSERVERS LLC,34.052234:-118.243685,洛杉矶,美国
208.87.75.1,,Huawei telnetd,utm.edu,36.343397:-88.850338,马丁,美国
164.155.93.193,,Huawei router,SANREN DATA LIMITED,22.396428:114.109497,,中国
8.43.55.100,,Huawei Home Gateway telnetd,ideatek.com,38.060845:-97.929774,哈钦森,美国
3.88.8.112,,Huawei Home Gateway telnetd,Amazon.com  Inc.,39.043757:-77.487442,阿什本,美国
103.141.220.1,,Huawei router,PEG TECH INC,37.3386:-121.886002,圣何塞,美国
154.38.108.1,,Huawei VRP,Cogent Communications,37.09024:-95.712891,,美国
165.3.120.2,,Huawei VRP,woolworthsholdings.co.za,22.396428:114.109497,,中国
156.246.162.217,,Huawei router,MULTACOM CORPORATION,34.052234:-118.243685,洛杉矶,美国
156.247.9.254,,Huawei router,SonderCloud Limited,34.052234:-118.243685,洛杉矶,美国
164.155.105.233,,Huawei router,SANREN DATA LIMITED,22.396428:114.109497,,中国
166.150.243.47,47.sub-166-150-243.myvzw.com,Huawei telnetd,Cellco Partnership DBA Verizon Wireless,37.09024:-95.712891,,美国
164.155.105.225,,Huawei switch telnetd,SANREN DATA LIMITED,22.396428:114.109497,,中国
13.58.177.238,ec2-13-58-177-238.us-east-2.compute.amazonaws.com,Huawei Home Gateway telnetd,Amazon.com  Inc.,40.099229:-83.114077,都柏林,美国
23.224.91.249,23.224.91-249.rdns.cloudradium.com,Huawei VRP,CNSERVERS LLC,34.052234:-118.243685,洛杉矶,美国
169.237.247.93,noc-s1-1-1.ucdavis.edu,Huawei telnetd,ucdavis.edu,38.545006:-121.740546,戴维斯,美国
164.155.98.1,sk.s5.ans1.ns148.ztomy.com,Huawei router,SANREN DATA LIMITED,22.396428:114.109497,,中国
164.155.124.1,sk.s5.ans1.ns148.ztomy.com,Huawei router,SANREN DATA LIMITED,22.396428:114.109497,,中国
8.43.48.64,,Huawei Home Gateway telnetd,ideatek.com,38.060845:-97.929774,哈钦森,美国
164.155.88.129,ns1648.ztomy.com,Huawei router,SANREN DATA LIMITED,22.396428:114.109497,,中国
23.224.91.121,23.224.91-121.rdns.cloudradium.com,Huawei VRP,CNSERVERS LLC,34.052234:-118.243685,洛杉矶,美国
208.87.75.1,,Huawei telnetd,utm.edu,36.343397:-88.850338,马丁,美国
164.155.93.193,,Huawei router,SANREN DATA LIMITED,22.396428:114.109497,,中国
8.43.55.100,,Huawei Home Gateway telnetd,ideatek.com,38.060845:-97.929774,哈钦森,美国
3.88.8.112,,Huawei Home Gateway telnetd,Amazon.com  Inc.,39.043757:-77.487442,阿什本,美国
103.141.220.1,,Huawei router,PEG TECH INC,37.3386:-121.886002,圣何塞,美国
154.38.108.1,,Huawei VRP,Cogent Communications,37.09024:-95.712891,,美国
165.3.120.2,,Huawei VRP,woolworthsholdings.co.za,22.396428:114.109497,,中国
156.246.162.217,,Huawei router,MULTACOM CORPORATION,34.052234:-118.243685,洛杉矶,美国
156.247.9.254,,Huawei router,SonderCloud Limited,34.052234:-118.243685,洛杉矶,美国
164.155.105.233,,Huawei router,SANREN DATA LIMITED,22.396428:114.109497,,中国
166.150.243.47,47.sub-166-150-243.myvzw.com,Huawei telnetd,Cellco Partnership DBA Verizon Wireless,37.09024:-95.712891,,美国
164.155.105.225,,Huawei switch telnetd,SANREN DATA LIMITED,22.396428:114.109497,,中国
13.58.177.238,ec2-13-58-177-238.us-east-2.compute.amazonaws.com,Huawei Home Gateway telnetd,Amazon.com  Inc.,40.099229:-83.114077,都柏林,美国
23.224.91.249,23.224.91-249.rdns.cloudradium.com,Huawei VRP,CNSERVERS LLC,34.052234:-118.243685,洛杉矶,美国
169.237.247.93,noc-s1-1-1.ucdavis.edu,Huawei telnetd,ucdavis.edu,38.545006:-121.740546,戴维斯,美国
164.155.98.1,sk.s5.ans1.ns148.ztomy.com,Huawei router,SANREN DATA LIMITED,22.396428:114.109497,,中国
164.155.124.1,sk.s5.ans1.ns148.ztomy.com,Huawei router,SANREN DATA LIMITED,22.396428:114.109497,,中国
8.43.48.64,,Huawei Home Gateway telnetd,ideatek.com,38.060845:-97.929774,哈钦森,美国
164.155.88.129,ns1648.ztomy.com,Huawei router,SANREN DATA LIMITED,22.396428:114.109497,,中国
23.224.91.121,23.224.91-121.rdns.cloudradium.com,Huawei VRP,CNSERVERS LLC,34.052234:-118.243685,洛杉矶,美国
208.87.75.1,,Huawei telnetd,utm.edu,36.343397:-88.850338,马丁,美国
164.155.93.193,,Huawei router,SANREN DATA LIMITED,22.396428:114.109497,,中国
8.43.55.100,,Huawei Home Gateway telnetd,ideatek.com,38.060845:-97.929774,哈钦森,美国
3.88.8.112,,Huawei Home Gateway telnetd,Amazon.com  Inc.,39.043757:-77.487442,阿什本,美国
103.141.220.1,,Huawei router,PEG TECH INC,37.3386:-121.886002,圣何塞,美国
154.38.108.1,,Huawei VRP,Cogent Communications,37.09024:-95.712891,,美国
165.3.120.2,,Huawei VRP,woolworthsholdings.co.za,22.396428:114.109497,,中国
156.246.162.217,,Huawei router,MULTACOM CORPORATION,34.052234:-118.243685,洛杉矶,美国
156.247.9.254,,Huawei router,SonderCloud Limited,34.052234:-118.243685,洛杉矶,美国
164.155.105.233,,Huawei router,SANREN DATA LIMITED,22.396428:114.109497,,中国
166.150.243.47,47.sub-166-150-243.myvzw.com,Huawei telnetd,Cellco Partnership DBA Verizon Wireless,37.09024:-95.712891,,美国
164.155.105.225,,Huawei switch telnetd,SANREN DATA LIMITED,22.396428:114.109497,,中国
13.58.177.238,ec2-13-58-177-238.us-east-2.compute.amazonaws.com,Huawei Home Gateway telnetd,Amazon.com  Inc.,40.099229:-83.114077,都柏林,美国
23.224.91.249,23.224.91-249.rdns.cloudradium.com,Huawei VRP,CNSERVERS LLC,34.052234:-118.243685,洛杉矶,美国
169.237.247.93,noc-s1-1-1.ucdavis.edu,Huawei telnetd,ucdavis.edu,38.545006:-121.740546,戴维斯,美国
164.155.98.1,sk.s5.ans1.ns148.ztomy.com,Huawei router,SANREN DATA LIMITED,22.396428:114.109497,,中国
164.155.124.1,sk.s5.ans1.ns148.ztomy.com,Huawei router,SANREN DATA LIMITED,22.396428:114.109497,,中国
8.43.48.64,,Huawei Home Gateway telnetd,ideatek.com,38.060845:-97.929774,哈钦森,美国
164.155.88.129,ns1648.ztomy.com,Huawei router,SANREN DATA LIMITED,22.396428:114.109497,,中国
23.224.91.121,23.224.91-121.rdns.cloudradium.com,Huawei VRP,CNSERVERS LLC,34.052234:-118.243685,洛杉矶,美国
208.87.75.1,,Huawei telnetd,utm.edu,36.343397:-88.850338,马丁,美国
164.155.93.193,,Huawei router,SANREN DATA LIMITED,22.396428:114.109497,,中国
8.43.55.100,,Huawei Home Gateway telnetd,ideatek.com,38.060845:-97.929774,哈钦森,美国
3.88.8.112,,Huawei Home Gateway telnetd,Amazon.com  Inc.,39.043757:-77.487442,阿什本,美国
103.141.220.1,,Huawei router,PEG TECH INC,37.3386:-121.886002,圣何塞,美国
154.38.108.1,,Huawei VRP,Cogent Communications,37.09024:-95.712891,,美国
165.3.120.2,,Huawei VRP,woolworthsholdings.co.za,22.396428:114.109497,,中国
156.246.162.217,,Huawei router,MULTACOM CORPORATION,34.052234:-118.243685,洛杉矶,美国
156.247.9.254,,Huawei router,SonderCloud Limited,34.052234:-118.243685,洛杉矶,美国
164.155.105.233,,Huawei router,SANREN DATA LIMITED,22.396428:114.109497,,中国
166.150.243.47,47.sub-166-150-243.myvzw.com,Huawei telnetd,Cellco Partnership DBA Verizon Wireless,37.09024:-95.712891,,美国
164.155.105.225,,Huawei switch telnetd,SANREN DATA LIMITED,22.396428:114.109497,,中国
13.58.177.238,ec2-13-58-177-238.us-east-2.compute.amazonaws.com,Huawei Home Gateway telnetd,Amazon.com  Inc.,40.099229:-83.114077,都柏林,美国
23.224.91.249,23.224.91-249.rdns.cloudradium.com,Huawei VRP,CNSERVERS LLC,34.052234:-118.243685,洛杉矶,美国
169.237.247.93,noc-s1-1-1.ucdavis.edu,Huawei telnetd,ucdavis.edu,38.545006:-121.740546,戴维斯,美国
164.155.98.1,sk.s5.ans1.ns148.ztomy.com,Huawei router,SANREN DATA LIMITED,22.396428:114.109497,,中国
164.155.124.1,sk.s5.ans1.ns148.ztomy.com,Huawei router,SANREN DATA LIMITED,22.396428:114.109497,,中国
8.43.48.64,,Huawei Home Gateway telnetd,ideatek.com,38.060845:-97.929774,哈钦森,美国
164.155.88.129,ns1648.ztomy.com,Huawei router,SANREN DATA LIMITED,22.396428:114.109497,,中国
23.224.91.121,23.224.91-121.rdns.cloudradium.com,Huawei VRP,CNSERVERS LLC,34.052234:-118.243685,洛杉矶,美国
208.87.75.1,,Huawei telnetd,utm.edu,36.343397:-88.850338,马丁,美国
164.155.93.193,,Huawei router,SANREN DATA LIMITED,22.396428:114.109497,,中国
