site,ip,isp,domains,keywords,description,location,city,country
jiazhouguojiyulecheng.xmlyi.com,107.148.189.204,petaexpress.com,cch0jldg.oakmeadowgolfclub.com|iydw1.comaiora.com|r3tzh.lordrap.com|rhu1v.gzxinmu.com|5vd0xnxug.jnsousuo.com|eio9onnye.njwells.com|1z11lw1340.myjazzyafro.com|8n41xvo.sunnydigital.net|3wrg8u8hh1.czpnm.com|k2h306p.xile168.com,成a人片免费在线观看 鸿蒙玄天曲txt全本下载_老司机久久精品最新免费,【成a人片免费在线观看影院-在线视频播放免安装】，你想看的我们全都有....未满18请主动离开,34.052234:-118.243685,洛杉矶,美国
www.hongmeng.blog,129.226.173.23,tencent.com,www.harmonyos.com,鸿蒙OS之家 鸿蒙OS博客 鸿蒙OS教程 鸿蒙OS资讯 鸿蒙OS技术 Harmony OS博客 Harmony OS之家，鸿蒙OS Harmony OS,一个分享鸿蒙OS操作系统的网站，希望在这里能学到一些东西。,22.396428:114.109497,,中国
hongmengshenhua.com,152.32.211.191,ucloud.cn,,鸿蒙神话舞台类服装选购,,22.396428:114.109497,,中国
hmkj.ink,8.210.5.108,ALIYUN,,鸿蒙科技,全网最低,22.396428:114.109497,,中国
mail.grosir-gaun.com,8.212.24.67,ALIYUN,www.mb.cn|wpa.qq.com|www.sogou.com,醴陵兆虹鸿蒙科技有限公司 ,醴陵兆虹鸿蒙科技有限公司 通过多年运营，深受广大用户认可，为您提供更好的服务是我们不断努力的方向，感谢所用用户对我们的信赖与支持。,1.352083:103.819836,,新加坡
yfxingzhiyu.chci.cn,220.194.59.84,ChinaUnicom,iot.chci.cn|s.i369.com|www.chci.cn|agents.chci.cn|yunzhi.chci.cn|mail.vcso.cn|admin.chci.cn|nmfdj.i369.com|sso.chci.cn|p.worldhm.com,鸿蒙 鸿蒙云 鸿蒙系统 鸿蒙云系统 鸿蒙CHCI系统 HMCS HMOS 鸿蒙云生态 生态系统 鸿蒙蝴蝶云 蝴蝶云 蝴蝶 蝴蝶云生态 广告DSP 数字乡村 数字中国 云服务 数据服务 IDC中心 ISP 云说 鸿云 鸿云商圈 云名片 云展会 云推广 智能云终端 云平台 云网站 党务 政务 商务 智网 行业云,欢迎使用鸿蒙蝴蝶云,39.938884:116.397459,北京,中国
yfbaideshengyigui.chci.cn,220.194.59.84,ChinaUnicom,iot.chci.cn|s.i369.com|www.chci.cn|agents.chci.cn|yunzhi.chci.cn|mail.vcso.cn|admin.chci.cn|nmfdj.i369.com|sso.chci.cn|p.worldhm.com,鸿蒙 鸿蒙云 鸿蒙系统 鸿蒙云系统 鸿蒙CHCI系统 HMCS HMOS 鸿蒙云生态 生态系统 鸿蒙蝴蝶云 蝴蝶云 蝴蝶 蝴蝶云生态 广告DSP 数字乡村 数字中国 云服务 数据服务 IDC中心 ISP 云说 鸿云 鸿云商圈 云名片 云展会 云推广 智能云终端 云平台 云网站 党务 政务 商务 智网 行业云,欢迎使用鸿蒙蝴蝶云,39.938884:116.397459,北京,中国
yftiangediban.chci.cn,220.194.59.84,ChinaUnicom,iot.chci.cn|s.i369.com|www.chci.cn|agents.chci.cn|yunzhi.chci.cn|mail.vcso.cn|admin.chci.cn|nmfdj.i369.com|sso.chci.cn|p.worldhm.com,鸿蒙 鸿蒙云 鸿蒙系统 鸿蒙云系统 鸿蒙CHCI系统 HMCS HMOS 鸿蒙云生态 生态系统 鸿蒙蝴蝶云 蝴蝶云 蝴蝶 蝴蝶云生态 广告DSP 数字乡村 数字中国 云服务 数据服务 IDC中心 ISP 云说 鸿云 鸿云商圈 云名片 云展会 云推广 智能云终端 云平台 云网站 党务 政务 商务 智网 行业云,欢迎使用鸿蒙蝴蝶云,39.938884:116.397459,北京,中国
yfdiwangjieju.chci.cn,220.194.59.84,ChinaUnicom,iot.chci.cn|s.i369.com|www.chci.cn|agents.chci.cn|yunzhi.chci.cn|mail.vcso.cn|admin.chci.cn|nmfdj.i369.com|sso.chci.cn|p.worldhm.com,鸿蒙 鸿蒙云 鸿蒙系统 鸿蒙云系统 鸿蒙CHCI系统 HMCS HMOS 鸿蒙云生态 生态系统 鸿蒙蝴蝶云 蝴蝶云 蝴蝶 蝴蝶云生态 广告DSP 数字乡村 数字中国 云服务 数据服务 IDC中心 ISP 云说 鸿云 鸿云商圈 云名片 云展会 云推广 智能云终端 云平台 云网站 党务 政务 商务 智网 行业云,欢迎使用鸿蒙蝴蝶云,39.938884:116.397459,北京,中国
yfxindedengshi.chci.cn,220.194.59.84,ChinaUnicom,iot.chci.cn|s.i369.com|www.chci.cn|agents.chci.cn|yunzhi.chci.cn|mail.vcso.cn|admin.chci.cn|nmfdj.i369.com|sso.chci.cn|p.worldhm.com,鸿蒙 鸿蒙云 鸿蒙系统 鸿蒙云系统 鸿蒙CHCI系统 HMCS HMOS 鸿蒙云生态 生态系统 鸿蒙蝴蝶云 蝴蝶云 蝴蝶 蝴蝶云生态 广告DSP 数字乡村 数字中国 云服务 数据服务 IDC中心 ISP 云说 鸿云 鸿云商圈 云名片 云展会 云推广 智能云终端 云平台 云网站 党务 政务 商务 智网 行业云,欢迎使用鸿蒙蝴蝶云,39.938884:116.397459,北京,中国
yfpushangmingdeng.chci.cn,220.194.59.84,ChinaUnicom,iot.chci.cn|s.i369.com|www.chci.cn|agents.chci.cn|yunzhi.chci.cn|mail.vcso.cn|admin.chci.cn|nmfdj.i369.com|sso.chci.cn|p.worldhm.com,鸿蒙 鸿蒙云 鸿蒙系统 鸿蒙云系统 鸿蒙CHCI系统 HMCS HMOS 鸿蒙云生态 生态系统 鸿蒙蝴蝶云 蝴蝶云 蝴蝶 蝴蝶云生态 广告DSP 数字乡村 数字中国 云服务 数据服务 IDC中心 ISP 云说 鸿云 鸿云商圈 云名片 云展会 云推广 智能云终端 云平台 云网站 党务 政务 商务 智网 行业云,欢迎使用鸿蒙蝴蝶云,39.938884:116.397459,北京,中国
yongrong.chci.cn,220.194.59.84,ChinaUnicom,iot.chci.cn|s.i369.com|www.chci.cn|agents.chci.cn|yunzhi.chci.cn|mail.vcso.cn|admin.chci.cn|nmfdj.i369.com|sso.chci.cn|p.worldhm.com,鸿蒙 鸿蒙云 鸿蒙系统 鸿蒙云系统 鸿蒙CHCI系统 HMCS HMOS 鸿蒙云生态 生态系统 鸿蒙蝴蝶云 蝴蝶云 蝴蝶 蝴蝶云生态 广告DSP 数字乡村 数字中国 云服务 数据服务 IDC中心 ISP 云说 鸿云 鸿云商圈 云名片 云展会 云推广 智能云终端 云平台 云网站 党务 政务 商务 智网 行业云,欢迎使用鸿蒙蝴蝶云,39.938884:116.397459,北京,中国
yfwuguangshise.chci.cn,220.194.59.84,ChinaUnicom,iot.chci.cn|s.i369.com|www.chci.cn|agents.chci.cn|yunzhi.chci.cn|mail.vcso.cn|admin.chci.cn|nmfdj.i369.com|sso.chci.cn|p.worldhm.com,鸿蒙 鸿蒙云 鸿蒙系统 鸿蒙云系统 鸿蒙CHCI系统 HMCS HMOS 鸿蒙云生态 生态系统 鸿蒙蝴蝶云 蝴蝶云 蝴蝶 蝴蝶云生态 广告DSP 数字乡村 数字中国 云服务 数据服务 IDC中心 ISP 云说 鸿云 鸿云商圈 云名片 云展会 云推广 智能云终端 云平台 云网站 党务 政务 商务 智网 行业云,欢迎使用鸿蒙蝴蝶云,39.938884:116.397459,北京,中国
yhznkj.chci.cn,220.194.59.84,ChinaUnicom,iot.chci.cn|s.i369.com|www.chci.cn|agents.chci.cn|yunzhi.chci.cn|mail.vcso.cn|admin.chci.cn|nmfdj.i369.com|sso.chci.cn|p.worldhm.com,鸿蒙 鸿蒙云 鸿蒙系统 鸿蒙云系统 鸿蒙CHCI系统 HMCS HMOS 鸿蒙云生态 生态系统 鸿蒙蝴蝶云 蝴蝶云 蝴蝶 蝴蝶云生态 广告DSP 数字乡村 数字中国 云服务 数据服务 IDC中心 ISP 云说 鸿云 鸿云商圈 云名片 云展会 云推广 智能云终端 云平台 云网站 党务 政务 商务 智网 行业云,欢迎使用鸿蒙蝴蝶云,39.938884:116.397459,北京,中国
yfqunximumen.chci.cn,220.194.59.84,ChinaUnicom,iot.chci.cn|s.i369.com|www.chci.cn|agents.chci.cn|yunzhi.chci.cn|mail.vcso.cn|admin.chci.cn|nmfdj.i369.com|sso.chci.cn|p.worldhm.com,鸿蒙 鸿蒙云 鸿蒙系统 鸿蒙云系统 鸿蒙CHCI系统 HMCS HMOS 鸿蒙云生态 生态系统 鸿蒙蝴蝶云 蝴蝶云 蝴蝶 蝴蝶云生态 广告DSP 数字乡村 数字中国 云服务 数据服务 IDC中心 ISP 云说 鸿云 鸿云商圈 云名片 云展会 云推广 智能云终端 云平台 云网站 党务 政务 商务 智网 行业云,欢迎使用鸿蒙蝴蝶云,39.938884:116.397459,北京,中国
zhuanlan.51cto.com,203.107.44.140,ALIYUN,image.51cto.com|news.51cto.com|b.51cto.com|x.51cto.com|www.idcquan.com|blockchain.51cto.com|www.mydrivers.com|www.iresearch.cn|www.geekpark.net|iot.51cto.com|mobile.51cto.com|www.techwalker.com|www.chinaz.com|www.cet.com.cn|bbs.51cto.com|tech.163.com|network.51cto.com|wot.51cto.com|netsecurity.51cto.com|database.51cto.com|b.edu.51cto.com|www.sootoo.com|blog.51cto.com|zhibo.51cto.com|www.d1net.com|weibo.com|www.pedaily.cn|e.51cto.com|metacon.51cto.com|www.cioage.com|www.hc3i.cn|so.51cto.com|os.51cto.com|www.iitime.com.cn|developer.51cto.com|ai.51cto.com|tech.ifeng.com|www.techweb.com.cn|server.51cto.com|tech.qq.com|edu.51cto.com|www.ithome.com|tech.sina.com.cn|www.263.net|cloud.51cto.com|harmonyos.51cto.com,技术媒体 在线教育 视频课程 企业培训 鸿蒙社区 开发者社区 资讯 职场 技术博客 软考 认证考试 开发 编程语言 物联网 HarmonyOS 人工智能 大数据 国产化 软件开发 网络 系统 操作系统 运维 安全 存储 数据库 企业解决方案 华为,51CTO是中国领先的IT技术在线学习平台和中国最大的IT技术社区之一，以服务IT技术人员职业成长为己任，对中国数千万IT技术人员拥有强大的影响力和服务能力。通过技术社区、技术博客和新媒体矩阵等综合产品服务体系，凝聚了2000万+IT技术人员、50万+位技术博主和近千家IT公司的CTO；通过丰富且高质量的IT技术在线教育资源，完整覆盖就业培训、在职提升、认证考试等职业教育领域，分别打造企业培训、个人提升创新产品矩阵，服务IT人才成长。同时，作为华为鸿蒙操作系统合作伙伴，51CTO承担了鸿蒙官方技术社区的运营，全力服务于鸿蒙开发者生态。,36.894402:104.166,,中国
1111ht.com,107.151.93.94,ceranetworks.com,www.wangxiaolaoshi.com|www.sh-jyqh.com|www.xm7788.com|www.fpftnsy.com|www.chibo520.com|www.mioagri.com,单职业传奇私服 变态单职业传奇sf 轻变单职业传奇 微变单职业传奇 超变单职业传奇 鸿蒙单职业传奇 新开单职业传奇私服发布网站,新开单职业传奇私服发布网站是变态单职业传奇sf体系中一款基于云端服务技术的单职业传奇私服攻略平台 集轻变单职业传奇 微变单职业传奇 超变单职业传奇 鸿蒙单职业传奇于一体的攻略资讯;专门针对喜欢各类单职业传奇私服的游戏玩家而设计.,22.396428:114.109497,,中国
unionman.atobo.com,106.3.145.230,ChinaUnicom,my.atobo.com|m.atobo.com|beian.miit.gov.cn|unionman.suinidai.com.cn|www.atobo.com|unionman.baiyegu.com,广东九联科技股份有限公司；“路由器”“摄像头”“鸿蒙系统”“门铃”“VR”“光猫”“机顶盒”,广东九联科技股份有限公司，主要经营：“路由器”“摄像头”“鸿蒙系统”“门铃”“VR”“光猫”“机顶盒”；公司位于美丽的惠州市惠澳大道惠南高新科技产业园惠泰路5号。,39.938884:116.397459,北京,中国
b.i369.com,220.194.59.84,ChinaUnicom,,鸿蒙 鸿蒙云 鸿蒙系统 鸿蒙云系统 鸿蒙CHCI系统 HMCS HMOS 鸿蒙云生态 生态系统 鸿蒙蝴蝶云 蝴蝶云 蝴蝶 蝴蝶云生态 广告DSP 数字乡村 数字中国 云服务 数据服务 IDC中心 ISP 云说 鸿云 鸿云商圈 云名片 云展会 云推广 智能云终端 云平台 云网站 党务 政务 商务 智网 行业云,欢迎使用鸿蒙蝴蝶云,39.938884:116.397459,北京,中国
bdzxpc.chci.cn,220.194.59.84,ChinaUnicom,iot.chci.cn|s.i369.com|www.chci.cn|agents.chci.cn|yunzhi.chci.cn|mail.vcso.cn|admin.chci.cn|nmfdj.i369.com|sso.chci.cn|p.worldhm.com,鸿蒙 鸿蒙云 鸿蒙系统 鸿蒙云系统 鸿蒙CHCI系统 HMCS HMOS 鸿蒙云生态 生态系统 鸿蒙蝴蝶云 蝴蝶云 蝴蝶 蝴蝶云生态 广告DSP 数字乡村 数字中国 云服务 数据服务 IDC中心 ISP 云说 鸿云 鸿云商圈 云名片 云展会 云推广 智能云终端 云平台 云网站 党务 政务 商务 智网 行业云,欢迎使用鸿蒙蝴蝶云,39.938884:116.397459,北京,中国
jiazhouguojiyulecheng.xmlyi.com,107.148.189.204,petaexpress.com,cch0jldg.oakmeadowgolfclub.com|iydw1.comaiora.com|r3tzh.lordrap.com|rhu1v.gzxinmu.com|5vd0xnxug.jnsousuo.com|eio9onnye.njwells.com|1z11lw1340.myjazzyafro.com|8n41xvo.sunnydigital.net|3wrg8u8hh1.czpnm.com|k2h306p.xile168.com,成a人片免费在线观看 鸿蒙玄天曲txt全本下载_老司机久久精品最新免费,【成a人片免费在线观看影院-在线视频播放免安装】，你想看的我们全都有....未满18请主动离开,34.052234:-118.243685,洛杉矶,美国
www.hongmeng.blog,129.226.173.23,tencent.com,www.harmonyos.com,鸿蒙OS之家 鸿蒙OS博客 鸿蒙OS教程 鸿蒙OS资讯 鸿蒙OS技术 Harmony OS博客 Harmony OS之家，鸿蒙OS Harmony OS,一个分享鸿蒙OS操作系统的网站，希望在这里能学到一些东西。,22.396428:114.109497,,中国
hongmengshenhua.com,152.32.211.191,ucloud.cn,,鸿蒙神话舞台类服装选购,,22.396428:114.109497,,中国
hmkj.ink,8.210.5.108,ALIYUN,,鸿蒙科技,全网最低,22.396428:114.109497,,中国
mail.grosir-gaun.com,8.212.24.67,ALIYUN,www.mb.cn|wpa.qq.com|www.sogou.com,醴陵兆虹鸿蒙科技有限公司 ,醴陵兆虹鸿蒙科技有限公司 通过多年运营，深受广大用户认可，为您提供更好的服务是我们不断努力的方向，感谢所用用户对我们的信赖与支持。,1.352083:103.819836,,新加坡
yfxingzhiyu.chci.cn,220.194.59.84,ChinaUnicom,iot.chci.cn|s.i369.com|www.chci.cn|agents.chci.cn|yunzhi.chci.cn|mail.vcso.cn|admin.chci.cn|nmfdj.i369.com|sso.chci.cn|p.worldhm.com,鸿蒙 鸿蒙云 鸿蒙系统 鸿蒙云系统 鸿蒙CHCI系统 HMCS HMOS 鸿蒙云生态 生态系统 鸿蒙蝴蝶云 蝴蝶云 蝴蝶 蝴蝶云生态 广告DSP 数字乡村 数字中国 云服务 数据服务 IDC中心 ISP 云说 鸿云 鸿云商圈 云名片 云展会 云推广 智能云终端 云平台 云网站 党务 政务 商务 智网 行业云,欢迎使用鸿蒙蝴蝶云,39.938884:116.397459,北京,中国
yfbaideshengyigui.chci.cn,220.194.59.84,ChinaUnicom,iot.chci.cn|s.i369.com|www.chci.cn|agents.chci.cn|yunzhi.chci.cn|mail.vcso.cn|admin.chci.cn|nmfdj.i369.com|sso.chci.cn|p.worldhm.com,鸿蒙 鸿蒙云 鸿蒙系统 鸿蒙云系统 鸿蒙CHCI系统 HMCS HMOS 鸿蒙云生态 生态系统 鸿蒙蝴蝶云 蝴蝶云 蝴蝶 蝴蝶云生态 广告DSP 数字乡村 数字中国 云服务 数据服务 IDC中心 ISP 云说 鸿云 鸿云商圈 云名片 云展会 云推广 智能云终端 云平台 云网站 党务 政务 商务 智网 行业云,欢迎使用鸿蒙蝴蝶云,39.938884:116.397459,北京,中国
yftiangediban.chci.cn,220.194.59.84,ChinaUnicom,iot.chci.cn|s.i369.com|www.chci.cn|agents.chci.cn|yunzhi.chci.cn|mail.vcso.cn|admin.chci.cn|nmfdj.i369.com|sso.chci.cn|p.worldhm.com,鸿蒙 鸿蒙云 鸿蒙系统 鸿蒙云系统 鸿蒙CHCI系统 HMCS HMOS 鸿蒙云生态 生态系统 鸿蒙蝴蝶云 蝴蝶云 蝴蝶 蝴蝶云生态 广告DSP 数字乡村 数字中国 云服务 数据服务 IDC中心 ISP 云说 鸿云 鸿云商圈 云名片 云展会 云推广 智能云终端 云平台 云网站 党务 政务 商务 智网 行业云,欢迎使用鸿蒙蝴蝶云,39.938884:116.397459,北京,中国
yfdiwangjieju.chci.cn,220.194.59.84,ChinaUnicom,iot.chci.cn|s.i369.com|www.chci.cn|agents.chci.cn|yunzhi.chci.cn|mail.vcso.cn|admin.chci.cn|nmfdj.i369.com|sso.chci.cn|p.worldhm.com,鸿蒙 鸿蒙云 鸿蒙系统 鸿蒙云系统 鸿蒙CHCI系统 HMCS HMOS 鸿蒙云生态 生态系统 鸿蒙蝴蝶云 蝴蝶云 蝴蝶 蝴蝶云生态 广告DSP 数字乡村 数字中国 云服务 数据服务 IDC中心 ISP 云说 鸿云 鸿云商圈 云名片 云展会 云推广 智能云终端 云平台 云网站 党务 政务 商务 智网 行业云,欢迎使用鸿蒙蝴蝶云,39.938884:116.397459,北京,中国
yfxindedengshi.chci.cn,220.194.59.84,ChinaUnicom,iot.chci.cn|s.i369.com|www.chci.cn|agents.chci.cn|yunzhi.chci.cn|mail.vcso.cn|admin.chci.cn|nmfdj.i369.com|sso.chci.cn|p.worldhm.com,鸿蒙 鸿蒙云 鸿蒙系统 鸿蒙云系统 鸿蒙CHCI系统 HMCS HMOS 鸿蒙云生态 生态系统 鸿蒙蝴蝶云 蝴蝶云 蝴蝶 蝴蝶云生态 广告DSP 数字乡村 数字中国 云服务 数据服务 IDC中心 ISP 云说 鸿云 鸿云商圈 云名片 云展会 云推广 智能云终端 云平台 云网站 党务 政务 商务 智网 行业云,欢迎使用鸿蒙蝴蝶云,39.938884:116.397459,北京,中国
yfpushangmingdeng.chci.cn,220.194.59.84,ChinaUnicom,iot.chci.cn|s.i369.com|www.chci.cn|agents.chci.cn|yunzhi.chci.cn|mail.vcso.cn|admin.chci.cn|nmfdj.i369.com|sso.chci.cn|p.worldhm.com,鸿蒙 鸿蒙云 鸿蒙系统 鸿蒙云系统 鸿蒙CHCI系统 HMCS HMOS 鸿蒙云生态 生态系统 鸿蒙蝴蝶云 蝴蝶云 蝴蝶 蝴蝶云生态 广告DSP 数字乡村 数字中国 云服务 数据服务 IDC中心 ISP 云说 鸿云 鸿云商圈 云名片 云展会 云推广 智能云终端 云平台 云网站 党务 政务 商务 智网 行业云,欢迎使用鸿蒙蝴蝶云,39.938884:116.397459,北京,中国
yongrong.chci.cn,220.194.59.84,ChinaUnicom,iot.chci.cn|s.i369.com|www.chci.cn|agents.chci.cn|yunzhi.chci.cn|mail.vcso.cn|admin.chci.cn|nmfdj.i369.com|sso.chci.cn|p.worldhm.com,鸿蒙 鸿蒙云 鸿蒙系统 鸿蒙云系统 鸿蒙CHCI系统 HMCS HMOS 鸿蒙云生态 生态系统 鸿蒙蝴蝶云 蝴蝶云 蝴蝶 蝴蝶云生态 广告DSP 数字乡村 数字中国 云服务 数据服务 IDC中心 ISP 云说 鸿云 鸿云商圈 云名片 云展会 云推广 智能云终端 云平台 云网站 党务 政务 商务 智网 行业云,欢迎使用鸿蒙蝴蝶云,39.938884:116.397459,北京,中国
yfwuguangshise.chci.cn,220.194.59.84,ChinaUnicom,iot.chci.cn|s.i369.com|www.chci.cn|agents.chci.cn|yunzhi.chci.cn|mail.vcso.cn|admin.chci.cn|nmfdj.i369.com|sso.chci.cn|p.worldhm.com,鸿蒙 鸿蒙云 鸿蒙系统 鸿蒙云系统 鸿蒙CHCI系统 HMCS HMOS 鸿蒙云生态 生态系统 鸿蒙蝴蝶云 蝴蝶云 蝴蝶 蝴蝶云生态 广告DSP 数字乡村 数字中国 云服务 数据服务 IDC中心 ISP 云说 鸿云 鸿云商圈 云名片 云展会 云推广 智能云终端 云平台 云网站 党务 政务 商务 智网 行业云,欢迎使用鸿蒙蝴蝶云,39.938884:116.397459,北京,中国
yhznkj.chci.cn,220.194.59.84,ChinaUnicom,iot.chci.cn|s.i369.com|www.chci.cn|agents.chci.cn|yunzhi.chci.cn|mail.vcso.cn|admin.chci.cn|nmfdj.i369.com|sso.chci.cn|p.worldhm.com,鸿蒙 鸿蒙云 鸿蒙系统 鸿蒙云系统 鸿蒙CHCI系统 HMCS HMOS 鸿蒙云生态 生态系统 鸿蒙蝴蝶云 蝴蝶云 蝴蝶 蝴蝶云生态 广告DSP 数字乡村 数字中国 云服务 数据服务 IDC中心 ISP 云说 鸿云 鸿云商圈 云名片 云展会 云推广 智能云终端 云平台 云网站 党务 政务 商务 智网 行业云,欢迎使用鸿蒙蝴蝶云,39.938884:116.397459,北京,中国
yfqunximumen.chci.cn,220.194.59.84,ChinaUnicom,iot.chci.cn|s.i369.com|www.chci.cn|agents.chci.cn|yunzhi.chci.cn|mail.vcso.cn|admin.chci.cn|nmfdj.i369.com|sso.chci.cn|p.worldhm.com,鸿蒙 鸿蒙云 鸿蒙系统 鸿蒙云系统 鸿蒙CHCI系统 HMCS HMOS 鸿蒙云生态 生态系统 鸿蒙蝴蝶云 蝴蝶云 蝴蝶 蝴蝶云生态 广告DSP 数字乡村 数字中国 云服务 数据服务 IDC中心 ISP 云说 鸿云 鸿云商圈 云名片 云展会 云推广 智能云终端 云平台 云网站 党务 政务 商务 智网 行业云,欢迎使用鸿蒙蝴蝶云,39.938884:116.397459,北京,中国
zhuanlan.51cto.com,203.107.44.140,ALIYUN,image.51cto.com|news.51cto.com|b.51cto.com|x.51cto.com|www.idcquan.com|blockchain.51cto.com|www.mydrivers.com|www.iresearch.cn|www.geekpark.net|iot.51cto.com|mobile.51cto.com|www.techwalker.com|www.chinaz.com|www.cet.com.cn|bbs.51cto.com|tech.163.com|network.51cto.com|wot.51cto.com|netsecurity.51cto.com|database.51cto.com|b.edu.51cto.com|www.sootoo.com|blog.51cto.com|zhibo.51cto.com|www.d1net.com|weibo.com|www.pedaily.cn|e.51cto.com|metacon.51cto.com|www.cioage.com|www.hc3i.cn|so.51cto.com|os.51cto.com|www.iitime.com.cn|developer.51cto.com|ai.51cto.com|tech.ifeng.com|www.techweb.com.cn|server.51cto.com|tech.qq.com|edu.51cto.com|www.ithome.com|tech.sina.com.cn|www.263.net|cloud.51cto.com|harmonyos.51cto.com,技术媒体 在线教育 视频课程 企业培训 鸿蒙社区 开发者社区 资讯 职场 技术博客 软考 认证考试 开发 编程语言 物联网 HarmonyOS 人工智能 大数据 国产化 软件开发 网络 系统 操作系统 运维 安全 存储 数据库 企业解决方案 华为,51CTO是中国领先的IT技术在线学习平台和中国最大的IT技术社区之一，以服务IT技术人员职业成长为己任，对中国数千万IT技术人员拥有强大的影响力和服务能力。通过技术社区、技术博客和新媒体矩阵等综合产品服务体系，凝聚了2000万+IT技术人员、50万+位技术博主和近千家IT公司的CTO；通过丰富且高质量的IT技术在线教育资源，完整覆盖就业培训、在职提升、认证考试等职业教育领域，分别打造企业培训、个人提升创新产品矩阵，服务IT人才成长。同时，作为华为鸿蒙操作系统合作伙伴，51CTO承担了鸿蒙官方技术社区的运营，全力服务于鸿蒙开发者生态。,36.894402:104.166,,中国
1111ht.com,107.151.93.94,ceranetworks.com,www.wangxiaolaoshi.com|www.sh-jyqh.com|www.xm7788.com|www.fpftnsy.com|www.chibo520.com|www.mioagri.com,单职业传奇私服 变态单职业传奇sf 轻变单职业传奇 微变单职业传奇 超变单职业传奇 鸿蒙单职业传奇 新开单职业传奇私服发布网站,新开单职业传奇私服发布网站是变态单职业传奇sf体系中一款基于云端服务技术的单职业传奇私服攻略平台 集轻变单职业传奇 微变单职业传奇 超变单职业传奇 鸿蒙单职业传奇于一体的攻略资讯;专门针对喜欢各类单职业传奇私服的游戏玩家而设计.,22.396428:114.109497,,中国
unionman.atobo.com,106.3.145.230,ChinaUnicom,my.atobo.com|m.atobo.com|beian.miit.gov.cn|unionman.suinidai.com.cn|www.atobo.com|unionman.baiyegu.com,广东九联科技股份有限公司；“路由器”“摄像头”“鸿蒙系统”“门铃”“VR”“光猫”“机顶盒”,广东九联科技股份有限公司，主要经营：“路由器”“摄像头”“鸿蒙系统”“门铃”“VR”“光猫”“机顶盒”；公司位于美丽的惠州市惠澳大道惠南高新科技产业园惠泰路5号。,39.938884:116.397459,北京,中国
b.i369.com,220.194.59.84,ChinaUnicom,,鸿蒙 鸿蒙云 鸿蒙系统 鸿蒙云系统 鸿蒙CHCI系统 HMCS HMOS 鸿蒙云生态 生态系统 鸿蒙蝴蝶云 蝴蝶云 蝴蝶 蝴蝶云生态 广告DSP 数字乡村 数字中国 云服务 数据服务 IDC中心 ISP 云说 鸿云 鸿云商圈 云名片 云展会 云推广 智能云终端 云平台 云网站 党务 政务 商务 智网 行业云,欢迎使用鸿蒙蝴蝶云,39.938884:116.397459,北京,中国
bdzxpc.chci.cn,220.194.59.84,ChinaUnicom,iot.chci.cn|s.i369.com|www.chci.cn|agents.chci.cn|yunzhi.chci.cn|mail.vcso.cn|admin.chci.cn|nmfdj.i369.com|sso.chci.cn|p.worldhm.com,鸿蒙 鸿蒙云 鸿蒙系统 鸿蒙云系统 鸿蒙CHCI系统 HMCS HMOS 鸿蒙云生态 生态系统 鸿蒙蝴蝶云 蝴蝶云 蝴蝶 蝴蝶云生态 广告DSP 数字乡村 数字中国 云服务 数据服务 IDC中心 ISP 云说 鸿云 鸿云商圈 云名片 云展会 云推广 智能云终端 云平台 云网站 党务 政务 商务 智网 行业云,欢迎使用鸿蒙蝴蝶云,39.938884:116.397459,北京,中国
jiazhouguojiyulecheng.xmlyi.com,107.148.189.204,petaexpress.com,cch0jldg.oakmeadowgolfclub.com|iydw1.comaiora.com|r3tzh.lordrap.com|rhu1v.gzxinmu.com|5vd0xnxug.jnsousuo.com|eio9onnye.njwells.com|1z11lw1340.myjazzyafro.com|8n41xvo.sunnydigital.net|3wrg8u8hh1.czpnm.com|k2h306p.xile168.com,成a人片免费在线观看 鸿蒙玄天曲txt全本下载_老司机久久精品最新免费,【成a人片免费在线观看影院-在线视频播放免安装】，你想看的我们全都有....未满18请主动离开,34.052234:-118.243685,洛杉矶,美国
www.hongmeng.blog,129.226.173.23,tencent.com,www.harmonyos.com,鸿蒙OS之家 鸿蒙OS博客 鸿蒙OS教程 鸿蒙OS资讯 鸿蒙OS技术 Harmony OS博客 Harmony OS之家，鸿蒙OS Harmony OS,一个分享鸿蒙OS操作系统的网站，希望在这里能学到一些东西。,22.396428:114.109497,,中国
hongmengshenhua.com,152.32.211.191,ucloud.cn,,鸿蒙神话舞台类服装选购,,22.396428:114.109497,,中国
hmkj.ink,8.210.5.108,ALIYUN,,鸿蒙科技,全网最低,22.396428:114.109497,,中国
mail.grosir-gaun.com,8.212.24.67,ALIYUN,www.mb.cn|wpa.qq.com|www.sogou.com,醴陵兆虹鸿蒙科技有限公司 ,醴陵兆虹鸿蒙科技有限公司 通过多年运营，深受广大用户认可，为您提供更好的服务是我们不断努力的方向，感谢所用用户对我们的信赖与支持。,1.352083:103.819836,,新加坡
yfxingzhiyu.chci.cn,220.194.59.84,ChinaUnicom,iot.chci.cn|s.i369.com|www.chci.cn|agents.chci.cn|yunzhi.chci.cn|mail.vcso.cn|admin.chci.cn|nmfdj.i369.com|sso.chci.cn|p.worldhm.com,鸿蒙 鸿蒙云 鸿蒙系统 鸿蒙云系统 鸿蒙CHCI系统 HMCS HMOS 鸿蒙云生态 生态系统 鸿蒙蝴蝶云 蝴蝶云 蝴蝶 蝴蝶云生态 广告DSP 数字乡村 数字中国 云服务 数据服务 IDC中心 ISP 云说 鸿云 鸿云商圈 云名片 云展会 云推广 智能云终端 云平台 云网站 党务 政务 商务 智网 行业云,欢迎使用鸿蒙蝴蝶云,39.938884:116.397459,北京,中国
yfbaideshengyigui.chci.cn,220.194.59.84,ChinaUnicom,iot.chci.cn|s.i369.com|www.chci.cn|agents.chci.cn|yunzhi.chci.cn|mail.vcso.cn|admin.chci.cn|nmfdj.i369.com|sso.chci.cn|p.worldhm.com,鸿蒙 鸿蒙云 鸿蒙系统 鸿蒙云系统 鸿蒙CHCI系统 HMCS HMOS 鸿蒙云生态 生态系统 鸿蒙蝴蝶云 蝴蝶云 蝴蝶 蝴蝶云生态 广告DSP 数字乡村 数字中国 云服务 数据服务 IDC中心 ISP 云说 鸿云 鸿云商圈 云名片 云展会 云推广 智能云终端 云平台 云网站 党务 政务 商务 智网 行业云,欢迎使用鸿蒙蝴蝶云,39.938884:116.397459,北京,中国
yftiangediban.chci.cn,220.194.59.84,ChinaUnicom,iot.chci.cn|s.i369.com|www.chci.cn|agents.chci.cn|yunzhi.chci.cn|mail.vcso.cn|admin.chci.cn|nmfdj.i369.com|sso.chci.cn|p.worldhm.com,鸿蒙 鸿蒙云 鸿蒙系统 鸿蒙云系统 鸿蒙CHCI系统 HMCS HMOS 鸿蒙云生态 生态系统 鸿蒙蝴蝶云 蝴蝶云 蝴蝶 蝴蝶云生态 广告DSP 数字乡村 数字中国 云服务 数据服务 IDC中心 ISP 云说 鸿云 鸿云商圈 云名片 云展会 云推广 智能云终端 云平台 云网站 党务 政务 商务 智网 行业云,欢迎使用鸿蒙蝴蝶云,39.938884:116.397459,北京,中国
yfdiwangjieju.chci.cn,220.194.59.84,ChinaUnicom,iot.chci.cn|s.i369.com|www.chci.cn|agents.chci.cn|yunzhi.chci.cn|mail.vcso.cn|admin.chci.cn|nmfdj.i369.com|sso.chci.cn|p.worldhm.com,鸿蒙 鸿蒙云 鸿蒙系统 鸿蒙云系统 鸿蒙CHCI系统 HMCS HMOS 鸿蒙云生态 生态系统 鸿蒙蝴蝶云 蝴蝶云 蝴蝶 蝴蝶云生态 广告DSP 数字乡村 数字中国 云服务 数据服务 IDC中心 ISP 云说 鸿云 鸿云商圈 云名片 云展会 云推广 智能云终端 云平台 云网站 党务 政务 商务 智网 行业云,欢迎使用鸿蒙蝴蝶云,39.938884:116.397459,北京,中国
yfxindedengshi.chci.cn,220.194.59.84,ChinaUnicom,iot.chci.cn|s.i369.com|www.chci.cn|agents.chci.cn|yunzhi.chci.cn|mail.vcso.cn|admin.chci.cn|nmfdj.i369.com|sso.chci.cn|p.worldhm.com,鸿蒙 鸿蒙云 鸿蒙系统 鸿蒙云系统 鸿蒙CHCI系统 HMCS HMOS 鸿蒙云生态 生态系统 鸿蒙蝴蝶云 蝴蝶云 蝴蝶 蝴蝶云生态 广告DSP 数字乡村 数字中国 云服务 数据服务 IDC中心 ISP 云说 鸿云 鸿云商圈 云名片 云展会 云推广 智能云终端 云平台 云网站 党务 政务 商务 智网 行业云,欢迎使用鸿蒙蝴蝶云,39.938884:116.397459,北京,中国
yfpushangmingdeng.chci.cn,220.194.59.84,ChinaUnicom,iot.chci.cn|s.i369.com|www.chci.cn|agents.chci.cn|yunzhi.chci.cn|mail.vcso.cn|admin.chci.cn|nmfdj.i369.com|sso.chci.cn|p.worldhm.com,鸿蒙 鸿蒙云 鸿蒙系统 鸿蒙云系统 鸿蒙CHCI系统 HMCS HMOS 鸿蒙云生态 生态系统 鸿蒙蝴蝶云 蝴蝶云 蝴蝶 蝴蝶云生态 广告DSP 数字乡村 数字中国 云服务 数据服务 IDC中心 ISP 云说 鸿云 鸿云商圈 云名片 云展会 云推广 智能云终端 云平台 云网站 党务 政务 商务 智网 行业云,欢迎使用鸿蒙蝴蝶云,39.938884:116.397459,北京,中国
yongrong.chci.cn,220.194.59.84,ChinaUnicom,iot.chci.cn|s.i369.com|www.chci.cn|agents.chci.cn|yunzhi.chci.cn|mail.vcso.cn|admin.chci.cn|nmfdj.i369.com|sso.chci.cn|p.worldhm.com,鸿蒙 鸿蒙云 鸿蒙系统 鸿蒙云系统 鸿蒙CHCI系统 HMCS HMOS 鸿蒙云生态 生态系统 鸿蒙蝴蝶云 蝴蝶云 蝴蝶 蝴蝶云生态 广告DSP 数字乡村 数字中国 云服务 数据服务 IDC中心 ISP 云说 鸿云 鸿云商圈 云名片 云展会 云推广 智能云终端 云平台 云网站 党务 政务 商务 智网 行业云,欢迎使用鸿蒙蝴蝶云,39.938884:116.397459,北京,中国
yfwuguangshise.chci.cn,220.194.59.84,ChinaUnicom,iot.chci.cn|s.i369.com|www.chci.cn|agents.chci.cn|yunzhi.chci.cn|mail.vcso.cn|admin.chci.cn|nmfdj.i369.com|sso.chci.cn|p.worldhm.com,鸿蒙 鸿蒙云 鸿蒙系统 鸿蒙云系统 鸿蒙CHCI系统 HMCS HMOS 鸿蒙云生态 生态系统 鸿蒙蝴蝶云 蝴蝶云 蝴蝶 蝴蝶云生态 广告DSP 数字乡村 数字中国 云服务 数据服务 IDC中心 ISP 云说 鸿云 鸿云商圈 云名片 云展会 云推广 智能云终端 云平台 云网站 党务 政务 商务 智网 行业云,欢迎使用鸿蒙蝴蝶云,39.938884:116.397459,北京,中国
yhznkj.chci.cn,220.194.59.84,ChinaUnicom,iot.chci.cn|s.i369.com|www.chci.cn|agents.chci.cn|yunzhi.chci.cn|mail.vcso.cn|admin.chci.cn|nmfdj.i369.com|sso.chci.cn|p.worldhm.com,鸿蒙 鸿蒙云 鸿蒙系统 鸿蒙云系统 鸿蒙CHCI系统 HMCS HMOS 鸿蒙云生态 生态系统 鸿蒙蝴蝶云 蝴蝶云 蝴蝶 蝴蝶云生态 广告DSP 数字乡村 数字中国 云服务 数据服务 IDC中心 ISP 云说 鸿云 鸿云商圈 云名片 云展会 云推广 智能云终端 云平台 云网站 党务 政务 商务 智网 行业云,欢迎使用鸿蒙蝴蝶云,39.938884:116.397459,北京,中国
yfqunximumen.chci.cn,220.194.59.84,ChinaUnicom,iot.chci.cn|s.i369.com|www.chci.cn|agents.chci.cn|yunzhi.chci.cn|mail.vcso.cn|admin.chci.cn|nmfdj.i369.com|sso.chci.cn|p.worldhm.com,鸿蒙 鸿蒙云 鸿蒙系统 鸿蒙云系统 鸿蒙CHCI系统 HMCS HMOS 鸿蒙云生态 生态系统 鸿蒙蝴蝶云 蝴蝶云 蝴蝶 蝴蝶云生态 广告DSP 数字乡村 数字中国 云服务 数据服务 IDC中心 ISP 云说 鸿云 鸿云商圈 云名片 云展会 云推广 智能云终端 云平台 云网站 党务 政务 商务 智网 行业云,欢迎使用鸿蒙蝴蝶云,39.938884:116.397459,北京,中国
zhuanlan.51cto.com,203.107.44.140,ALIYUN,image.51cto.com|news.51cto.com|b.51cto.com|x.51cto.com|www.idcquan.com|blockchain.51cto.com|www.mydrivers.com|www.iresearch.cn|www.geekpark.net|iot.51cto.com|mobile.51cto.com|www.techwalker.com|www.chinaz.com|www.cet.com.cn|bbs.51cto.com|tech.163.com|network.51cto.com|wot.51cto.com|netsecurity.51cto.com|database.51cto.com|b.edu.51cto.com|www.sootoo.com|blog.51cto.com|zhibo.51cto.com|www.d1net.com|weibo.com|www.pedaily.cn|e.51cto.com|metacon.51cto.com|www.cioage.com|www.hc3i.cn|so.51cto.com|os.51cto.com|www.iitime.com.cn|developer.51cto.com|ai.51cto.com|tech.ifeng.com|www.techweb.com.cn|server.51cto.com|tech.qq.com|edu.51cto.com|www.ithome.com|tech.sina.com.cn|www.263.net|cloud.51cto.com|harmonyos.51cto.com,技术媒体 在线教育 视频课程 企业培训 鸿蒙社区 开发者社区 资讯 职场 技术博客 软考 认证考试 开发 编程语言 物联网 HarmonyOS 人工智能 大数据 国产化 软件开发 网络 系统 操作系统 运维 安全 存储 数据库 企业解决方案 华为,51CTO是中国领先的IT技术在线学习平台和中国最大的IT技术社区之一，以服务IT技术人员职业成长为己任，对中国数千万IT技术人员拥有强大的影响力和服务能力。通过技术社区、技术博客和新媒体矩阵等综合产品服务体系，凝聚了2000万+IT技术人员、50万+位技术博主和近千家IT公司的CTO；通过丰富且高质量的IT技术在线教育资源，完整覆盖就业培训、在职提升、认证考试等职业教育领域，分别打造企业培训、个人提升创新产品矩阵，服务IT人才成长。同时，作为华为鸿蒙操作系统合作伙伴，51CTO承担了鸿蒙官方技术社区的运营，全力服务于鸿蒙开发者生态。,36.894402:104.166,,中国
1111ht.com,107.151.93.94,ceranetworks.com,www.wangxiaolaoshi.com|www.sh-jyqh.com|www.xm7788.com|www.fpftnsy.com|www.chibo520.com|www.mioagri.com,单职业传奇私服 变态单职业传奇sf 轻变单职业传奇 微变单职业传奇 超变单职业传奇 鸿蒙单职业传奇 新开单职业传奇私服发布网站,新开单职业传奇私服发布网站是变态单职业传奇sf体系中一款基于云端服务技术的单职业传奇私服攻略平台 集轻变单职业传奇 微变单职业传奇 超变单职业传奇 鸿蒙单职业传奇于一体的攻略资讯;专门针对喜欢各类单职业传奇私服的游戏玩家而设计.,22.396428:114.109497,,中国
unionman.atobo.com,106.3.145.230,ChinaUnicom,my.atobo.com|m.atobo.com|beian.miit.gov.cn|unionman.suinidai.com.cn|www.atobo.com|unionman.baiyegu.com,广东九联科技股份有限公司；“路由器”“摄像头”“鸿蒙系统”“门铃”“VR”“光猫”“机顶盒”,广东九联科技股份有限公司，主要经营：“路由器”“摄像头”“鸿蒙系统”“门铃”“VR”“光猫”“机顶盒”；公司位于美丽的惠州市惠澳大道惠南高新科技产业园惠泰路5号。,39.938884:116.397459,北京,中国
b.i369.com,220.194.59.84,ChinaUnicom,,鸿蒙 鸿蒙云 鸿蒙系统 鸿蒙云系统 鸿蒙CHCI系统 HMCS HMOS 鸿蒙云生态 生态系统 鸿蒙蝴蝶云 蝴蝶云 蝴蝶 蝴蝶云生态 广告DSP 数字乡村 数字中国 云服务 数据服务 IDC中心 ISP 云说 鸿云 鸿云商圈 云名片 云展会 云推广 智能云终端 云平台 云网站 党务 政务 商务 智网 行业云,欢迎使用鸿蒙蝴蝶云,39.938884:116.397459,北京,中国
bdzxpc.chci.cn,220.194.59.84,ChinaUnicom,iot.chci.cn|s.i369.com|www.chci.cn|agents.chci.cn|yunzhi.chci.cn|mail.vcso.cn|admin.chci.cn|nmfdj.i369.com|sso.chci.cn|p.worldhm.com,鸿蒙 鸿蒙云 鸿蒙系统 鸿蒙云系统 鸿蒙CHCI系统 HMCS HMOS 鸿蒙云生态 生态系统 鸿蒙蝴蝶云 蝴蝶云 蝴蝶 蝴蝶云生态 广告DSP 数字乡村 数字中国 云服务 数据服务 IDC中心 ISP 云说 鸿云 鸿云商圈 云名片 云展会 云推广 智能云终端 云平台 云网站 党务 政务 商务 智网 行业云,欢迎使用鸿蒙蝴蝶云,39.938884:116.397459,北京,中国
jiazhouguojiyulecheng.xmlyi.com,107.148.189.204,petaexpress.com,cch0jldg.oakmeadowgolfclub.com|iydw1.comaiora.com|r3tzh.lordrap.com|rhu1v.gzxinmu.com|5vd0xnxug.jnsousuo.com|eio9onnye.njwells.com|1z11lw1340.myjazzyafro.com|8n41xvo.sunnydigital.net|3wrg8u8hh1.czpnm.com|k2h306p.xile168.com,成a人片免费在线观看 鸿蒙玄天曲txt全本下载_老司机久久精品最新免费,【成a人片免费在线观看影院-在线视频播放免安装】，你想看的我们全都有....未满18请主动离开,34.052234:-118.243685,洛杉矶,美国
www.hongmeng.blog,129.226.173.23,tencent.com,www.harmonyos.com,鸿蒙OS之家 鸿蒙OS博客 鸿蒙OS教程 鸿蒙OS资讯 鸿蒙OS技术 Harmony OS博客 Harmony OS之家，鸿蒙OS Harmony OS,一个分享鸿蒙OS操作系统的网站，希望在这里能学到一些东西。,22.396428:114.109497,,中国
hongmengshenhua.com,152.32.211.191,ucloud.cn,,鸿蒙神话舞台类服装选购,,22.396428:114.109497,,中国
hmkj.ink,8.210.5.108,ALIYUN,,鸿蒙科技,全网最低,22.396428:114.109497,,中国
mail.grosir-gaun.com,8.212.24.67,ALIYUN,www.mb.cn|wpa.qq.com|www.sogou.com,醴陵兆虹鸿蒙科技有限公司 ,醴陵兆虹鸿蒙科技有限公司 通过多年运营，深受广大用户认可，为您提供更好的服务是我们不断努力的方向，感谢所用用户对我们的信赖与支持。,1.352083:103.819836,,新加坡
yfxingzhiyu.chci.cn,220.194.59.84,ChinaUnicom,iot.chci.cn|s.i369.com|www.chci.cn|agents.chci.cn|yunzhi.chci.cn|mail.vcso.cn|admin.chci.cn|nmfdj.i369.com|sso.chci.cn|p.worldhm.com,鸿蒙 鸿蒙云 鸿蒙系统 鸿蒙云系统 鸿蒙CHCI系统 HMCS HMOS 鸿蒙云生态 生态系统 鸿蒙蝴蝶云 蝴蝶云 蝴蝶 蝴蝶云生态 广告DSP 数字乡村 数字中国 云服务 数据服务 IDC中心 ISP 云说 鸿云 鸿云商圈 云名片 云展会 云推广 智能云终端 云平台 云网站 党务 政务 商务 智网 行业云,欢迎使用鸿蒙蝴蝶云,39.938884:116.397459,北京,中国
yfbaideshengyigui.chci.cn,220.194.59.84,ChinaUnicom,iot.chci.cn|s.i369.com|www.chci.cn|agents.chci.cn|yunzhi.chci.cn|mail.vcso.cn|admin.chci.cn|nmfdj.i369.com|sso.chci.cn|p.worldhm.com,鸿蒙 鸿蒙云 鸿蒙系统 鸿蒙云系统 鸿蒙CHCI系统 HMCS HMOS 鸿蒙云生态 生态系统 鸿蒙蝴蝶云 蝴蝶云 蝴蝶 蝴蝶云生态 广告DSP 数字乡村 数字中国 云服务 数据服务 IDC中心 ISP 云说 鸿云 鸿云商圈 云名片 云展会 云推广 智能云终端 云平台 云网站 党务 政务 商务 智网 行业云,欢迎使用鸿蒙蝴蝶云,39.938884:116.397459,北京,中国
yftiangediban.chci.cn,220.194.59.84,ChinaUnicom,iot.chci.cn|s.i369.com|www.chci.cn|agents.chci.cn|yunzhi.chci.cn|mail.vcso.cn|admin.chci.cn|nmfdj.i369.com|sso.chci.cn|p.worldhm.com,鸿蒙 鸿蒙云 鸿蒙系统 鸿蒙云系统 鸿蒙CHCI系统 HMCS HMOS 鸿蒙云生态 生态系统 鸿蒙蝴蝶云 蝴蝶云 蝴蝶 蝴蝶云生态 广告DSP 数字乡村 数字中国 云服务 数据服务 IDC中心 ISP 云说 鸿云 鸿云商圈 云名片 云展会 云推广 智能云终端 云平台 云网站 党务 政务 商务 智网 行业云,欢迎使用鸿蒙蝴蝶云,39.938884:116.397459,北京,中国
yfdiwangjieju.chci.cn,220.194.59.84,ChinaUnicom,iot.chci.cn|s.i369.com|www.chci.cn|agents.chci.cn|yunzhi.chci.cn|mail.vcso.cn|admin.chci.cn|nmfdj.i369.com|sso.chci.cn|p.worldhm.com,鸿蒙 鸿蒙云 鸿蒙系统 鸿蒙云系统 鸿蒙CHCI系统 HMCS HMOS 鸿蒙云生态 生态系统 鸿蒙蝴蝶云 蝴蝶云 蝴蝶 蝴蝶云生态 广告DSP 数字乡村 数字中国 云服务 数据服务 IDC中心 ISP 云说 鸿云 鸿云商圈 云名片 云展会 云推广 智能云终端 云平台 云网站 党务 政务 商务 智网 行业云,欢迎使用鸿蒙蝴蝶云,39.938884:116.397459,北京,中国
yfxindedengshi.chci.cn,220.194.59.84,ChinaUnicom,iot.chci.cn|s.i369.com|www.chci.cn|agents.chci.cn|yunzhi.chci.cn|mail.vcso.cn|admin.chci.cn|nmfdj.i369.com|sso.chci.cn|p.worldhm.com,鸿蒙 鸿蒙云 鸿蒙系统 鸿蒙云系统 鸿蒙CHCI系统 HMCS HMOS 鸿蒙云生态 生态系统 鸿蒙蝴蝶云 蝴蝶云 蝴蝶 蝴蝶云生态 广告DSP 数字乡村 数字中国 云服务 数据服务 IDC中心 ISP 云说 鸿云 鸿云商圈 云名片 云展会 云推广 智能云终端 云平台 云网站 党务 政务 商务 智网 行业云,欢迎使用鸿蒙蝴蝶云,39.938884:116.397459,北京,中国
yfpushangmingdeng.chci.cn,220.194.59.84,ChinaUnicom,iot.chci.cn|s.i369.com|www.chci.cn|agents.chci.cn|yunzhi.chci.cn|mail.vcso.cn|admin.chci.cn|nmfdj.i369.com|sso.chci.cn|p.worldhm.com,鸿蒙 鸿蒙云 鸿蒙系统 鸿蒙云系统 鸿蒙CHCI系统 HMCS HMOS 鸿蒙云生态 生态系统 鸿蒙蝴蝶云 蝴蝶云 蝴蝶 蝴蝶云生态 广告DSP 数字乡村 数字中国 云服务 数据服务 IDC中心 ISP 云说 鸿云 鸿云商圈 云名片 云展会 云推广 智能云终端 云平台 云网站 党务 政务 商务 智网 行业云,欢迎使用鸿蒙蝴蝶云,39.938884:116.397459,北京,中国
yongrong.chci.cn,220.194.59.84,ChinaUnicom,iot.chci.cn|s.i369.com|www.chci.cn|agents.chci.cn|yunzhi.chci.cn|mail.vcso.cn|admin.chci.cn|nmfdj.i369.com|sso.chci.cn|p.worldhm.com,鸿蒙 鸿蒙云 鸿蒙系统 鸿蒙云系统 鸿蒙CHCI系统 HMCS HMOS 鸿蒙云生态 生态系统 鸿蒙蝴蝶云 蝴蝶云 蝴蝶 蝴蝶云生态 广告DSP 数字乡村 数字中国 云服务 数据服务 IDC中心 ISP 云说 鸿云 鸿云商圈 云名片 云展会 云推广 智能云终端 云平台 云网站 党务 政务 商务 智网 行业云,欢迎使用鸿蒙蝴蝶云,39.938884:116.397459,北京,中国
yfwuguangshise.chci.cn,220.194.59.84,ChinaUnicom,iot.chci.cn|s.i369.com|www.chci.cn|agents.chci.cn|yunzhi.chci.cn|mail.vcso.cn|admin.chci.cn|nmfdj.i369.com|sso.chci.cn|p.worldhm.com,鸿蒙 鸿蒙云 鸿蒙系统 鸿蒙云系统 鸿蒙CHCI系统 HMCS HMOS 鸿蒙云生态 生态系统 鸿蒙蝴蝶云 蝴蝶云 蝴蝶 蝴蝶云生态 广告DSP 数字乡村 数字中国 云服务 数据服务 IDC中心 ISP 云说 鸿云 鸿云商圈 云名片 云展会 云推广 智能云终端 云平台 云网站 党务 政务 商务 智网 行业云,欢迎使用鸿蒙蝴蝶云,39.938884:116.397459,北京,中国
yhznkj.chci.cn,220.194.59.84,ChinaUnicom,iot.chci.cn|s.i369.com|www.chci.cn|agents.chci.cn|yunzhi.chci.cn|mail.vcso.cn|admin.chci.cn|nmfdj.i369.com|sso.chci.cn|p.worldhm.com,鸿蒙 鸿蒙云 鸿蒙系统 鸿蒙云系统 鸿蒙CHCI系统 HMCS HMOS 鸿蒙云生态 生态系统 鸿蒙蝴蝶云 蝴蝶云 蝴蝶 蝴蝶云生态 广告DSP 数字乡村 数字中国 云服务 数据服务 IDC中心 ISP 云说 鸿云 鸿云商圈 云名片 云展会 云推广 智能云终端 云平台 云网站 党务 政务 商务 智网 行业云,欢迎使用鸿蒙蝴蝶云,39.938884:116.397459,北京,中国
yfqunximumen.chci.cn,220.194.59.84,ChinaUnicom,iot.chci.cn|s.i369.com|www.chci.cn|agents.chci.cn|yunzhi.chci.cn|mail.vcso.cn|admin.chci.cn|nmfdj.i369.com|sso.chci.cn|p.worldhm.com,鸿蒙 鸿蒙云 鸿蒙系统 鸿蒙云系统 鸿蒙CHCI系统 HMCS HMOS 鸿蒙云生态 生态系统 鸿蒙蝴蝶云 蝴蝶云 蝴蝶 蝴蝶云生态 广告DSP 数字乡村 数字中国 云服务 数据服务 IDC中心 ISP 云说 鸿云 鸿云商圈 云名片 云展会 云推广 智能云终端 云平台 云网站 党务 政务 商务 智网 行业云,欢迎使用鸿蒙蝴蝶云,39.938884:116.397459,北京,中国
zhuanlan.51cto.com,203.107.44.140,ALIYUN,image.51cto.com|news.51cto.com|b.51cto.com|x.51cto.com|www.idcquan.com|blockchain.51cto.com|www.mydrivers.com|www.iresearch.cn|www.geekpark.net|iot.51cto.com|mobile.51cto.com|www.techwalker.com|www.chinaz.com|www.cet.com.cn|bbs.51cto.com|tech.163.com|network.51cto.com|wot.51cto.com|netsecurity.51cto.com|database.51cto.com|b.edu.51cto.com|www.sootoo.com|blog.51cto.com|zhibo.51cto.com|www.d1net.com|weibo.com|www.pedaily.cn|e.51cto.com|metacon.51cto.com|www.cioage.com|www.hc3i.cn|so.51cto.com|os.51cto.com|www.iitime.com.cn|developer.51cto.com|ai.51cto.com|tech.ifeng.com|www.techweb.com.cn|server.51cto.com|tech.qq.com|edu.51cto.com|www.ithome.com|tech.sina.com.cn|www.263.net|cloud.51cto.com|harmonyos.51cto.com,技术媒体 在线教育 视频课程 企业培训 鸿蒙社区 开发者社区 资讯 职场 技术博客 软考 认证考试 开发 编程语言 物联网 HarmonyOS 人工智能 大数据 国产化 软件开发 网络 系统 操作系统 运维 安全 存储 数据库 企业解决方案 华为,51CTO是中国领先的IT技术在线学习平台和中国最大的IT技术社区之一，以服务IT技术人员职业成长为己任，对中国数千万IT技术人员拥有强大的影响力和服务能力。通过技术社区、技术博客和新媒体矩阵等综合产品服务体系，凝聚了2000万+IT技术人员、50万+位技术博主和近千家IT公司的CTO；通过丰富且高质量的IT技术在线教育资源，完整覆盖就业培训、在职提升、认证考试等职业教育领域，分别打造企业培训、个人提升创新产品矩阵，服务IT人才成长。同时，作为华为鸿蒙操作系统合作伙伴，51CTO承担了鸿蒙官方技术社区的运营，全力服务于鸿蒙开发者生态。,36.894402:104.166,,中国
1111ht.com,107.151.93.94,ceranetworks.com,www.wangxiaolaoshi.com|www.sh-jyqh.com|www.xm7788.com|www.fpftnsy.com|www.chibo520.com|www.mioagri.com,单职业传奇私服 变态单职业传奇sf 轻变单职业传奇 微变单职业传奇 超变单职业传奇 鸿蒙单职业传奇 新开单职业传奇私服发布网站,新开单职业传奇私服发布网站是变态单职业传奇sf体系中一款基于云端服务技术的单职业传奇私服攻略平台 集轻变单职业传奇 微变单职业传奇 超变单职业传奇 鸿蒙单职业传奇于一体的攻略资讯;专门针对喜欢各类单职业传奇私服的游戏玩家而设计.,22.396428:114.109497,,中国
unionman.atobo.com,106.3.145.230,ChinaUnicom,my.atobo.com|m.atobo.com|beian.miit.gov.cn|unionman.suinidai.com.cn|www.atobo.com|unionman.baiyegu.com,广东九联科技股份有限公司；“路由器”“摄像头”“鸿蒙系统”“门铃”“VR”“光猫”“机顶盒”,广东九联科技股份有限公司，主要经营：“路由器”“摄像头”“鸿蒙系统”“门铃”“VR”“光猫”“机顶盒”；公司位于美丽的惠州市惠澳大道惠南高新科技产业园惠泰路5号。,39.938884:116.397459,北京,中国
b.i369.com,220.194.59.84,ChinaUnicom,,鸿蒙 鸿蒙云 鸿蒙系统 鸿蒙云系统 鸿蒙CHCI系统 HMCS HMOS 鸿蒙云生态 生态系统 鸿蒙蝴蝶云 蝴蝶云 蝴蝶 蝴蝶云生态 广告DSP 数字乡村 数字中国 云服务 数据服务 IDC中心 ISP 云说 鸿云 鸿云商圈 云名片 云展会 云推广 智能云终端 云平台 云网站 党务 政务 商务 智网 行业云,欢迎使用鸿蒙蝴蝶云,39.938884:116.397459,北京,中国
bdzxpc.chci.cn,220.194.59.84,ChinaUnicom,iot.chci.cn|s.i369.com|www.chci.cn|agents.chci.cn|yunzhi.chci.cn|mail.vcso.cn|admin.chci.cn|nmfdj.i369.com|sso.chci.cn|p.worldhm.com,鸿蒙 鸿蒙云 鸿蒙系统 鸿蒙云系统 鸿蒙CHCI系统 HMCS HMOS 鸿蒙云生态 生态系统 鸿蒙蝴蝶云 蝴蝶云 蝴蝶 蝴蝶云生态 广告DSP 数字乡村 数字中国 云服务 数据服务 IDC中心 ISP 云说 鸿云 鸿云商圈 云名片 云展会 云推广 智能云终端 云平台 云网站 党务 政务 商务 智网 行业云,欢迎使用鸿蒙蝴蝶云,39.938884:116.397459,北京,中国
jiazhouguojiyulecheng.xmlyi.com,107.148.189.204,petaexpress.com,cch0jldg.oakmeadowgolfclub.com|iydw1.comaiora.com|r3tzh.lordrap.com|rhu1v.gzxinmu.com|5vd0xnxug.jnsousuo.com|eio9onnye.njwells.com|1z11lw1340.myjazzyafro.com|8n41xvo.sunnydigital.net|3wrg8u8hh1.czpnm.com|k2h306p.xile168.com,成a人片免费在线观看 鸿蒙玄天曲txt全本下载_老司机久久精品最新免费,【成a人片免费在线观看影院-在线视频播放免安装】，你想看的我们全都有....未满18请主动离开,34.052234:-118.243685,洛杉矶,美国
www.hongmeng.blog,129.226.173.23,tencent.com,www.harmonyos.com,鸿蒙OS之家 鸿蒙OS博客 鸿蒙OS教程 鸿蒙OS资讯 鸿蒙OS技术 Harmony OS博客 Harmony OS之家，鸿蒙OS Harmony OS,一个分享鸿蒙OS操作系统的网站，希望在这里能学到一些东西。,22.396428:114.109497,,中国
hongmengshenhua.com,152.32.211.191,ucloud.cn,,鸿蒙神话舞台类服装选购,,22.396428:114.109497,,中国
hmkj.ink,8.210.5.108,ALIYUN,,鸿蒙科技,全网最低,22.396428:114.109497,,中国
mail.grosir-gaun.com,8.212.24.67,ALIYUN,www.mb.cn|wpa.qq.com|www.sogou.com,醴陵兆虹鸿蒙科技有限公司 ,醴陵兆虹鸿蒙科技有限公司 通过多年运营，深受广大用户认可，为您提供更好的服务是我们不断努力的方向，感谢所用用户对我们的信赖与支持。,1.352083:103.819836,,新加坡
yfxingzhiyu.chci.cn,220.194.59.84,ChinaUnicom,iot.chci.cn|s.i369.com|www.chci.cn|agents.chci.cn|yunzhi.chci.cn|mail.vcso.cn|admin.chci.cn|nmfdj.i369.com|sso.chci.cn|p.worldhm.com,鸿蒙 鸿蒙云 鸿蒙系统 鸿蒙云系统 鸿蒙CHCI系统 HMCS HMOS 鸿蒙云生态 生态系统 鸿蒙蝴蝶云 蝴蝶云 蝴蝶 蝴蝶云生态 广告DSP 数字乡村 数字中国 云服务 数据服务 IDC中心 ISP 云说 鸿云 鸿云商圈 云名片 云展会 云推广 智能云终端 云平台 云网站 党务 政务 商务 智网 行业云,欢迎使用鸿蒙蝴蝶云,39.938884:116.397459,北京,中国
yfbaideshengyigui.chci.cn,220.194.59.84,ChinaUnicom,iot.chci.cn|s.i369.com|www.chci.cn|agents.chci.cn|yunzhi.chci.cn|mail.vcso.cn|admin.chci.cn|nmfdj.i369.com|sso.chci.cn|p.worldhm.com,鸿蒙 鸿蒙云 鸿蒙系统 鸿蒙云系统 鸿蒙CHCI系统 HMCS HMOS 鸿蒙云生态 生态系统 鸿蒙蝴蝶云 蝴蝶云 蝴蝶 蝴蝶云生态 广告DSP 数字乡村 数字中国 云服务 数据服务 IDC中心 ISP 云说 鸿云 鸿云商圈 云名片 云展会 云推广 智能云终端 云平台 云网站 党务 政务 商务 智网 行业云,欢迎使用鸿蒙蝴蝶云,39.938884:116.397459,北京,中国
yftiangediban.chci.cn,220.194.59.84,ChinaUnicom,iot.chci.cn|s.i369.com|www.chci.cn|agents.chci.cn|yunzhi.chci.cn|mail.vcso.cn|admin.chci.cn|nmfdj.i369.com|sso.chci.cn|p.worldhm.com,鸿蒙 鸿蒙云 鸿蒙系统 鸿蒙云系统 鸿蒙CHCI系统 HMCS HMOS 鸿蒙云生态 生态系统 鸿蒙蝴蝶云 蝴蝶云 蝴蝶 蝴蝶云生态 广告DSP 数字乡村 数字中国 云服务 数据服务 IDC中心 ISP 云说 鸿云 鸿云商圈 云名片 云展会 云推广 智能云终端 云平台 云网站 党务 政务 商务 智网 行业云,欢迎使用鸿蒙蝴蝶云,39.938884:116.397459,北京,中国
yfdiwangjieju.chci.cn,220.194.59.84,ChinaUnicom,iot.chci.cn|s.i369.com|www.chci.cn|agents.chci.cn|yunzhi.chci.cn|mail.vcso.cn|admin.chci.cn|nmfdj.i369.com|sso.chci.cn|p.worldhm.com,鸿蒙 鸿蒙云 鸿蒙系统 鸿蒙云系统 鸿蒙CHCI系统 HMCS HMOS 鸿蒙云生态 生态系统 鸿蒙蝴蝶云 蝴蝶云 蝴蝶 蝴蝶云生态 广告DSP 数字乡村 数字中国 云服务 数据服务 IDC中心 ISP 云说 鸿云 鸿云商圈 云名片 云展会 云推广 智能云终端 云平台 云网站 党务 政务 商务 智网 行业云,欢迎使用鸿蒙蝴蝶云,39.938884:116.397459,北京,中国
yfxindedengshi.chci.cn,220.194.59.84,ChinaUnicom,iot.chci.cn|s.i369.com|www.chci.cn|agents.chci.cn|yunzhi.chci.cn|mail.vcso.cn|admin.chci.cn|nmfdj.i369.com|sso.chci.cn|p.worldhm.com,鸿蒙 鸿蒙云 鸿蒙系统 鸿蒙云系统 鸿蒙CHCI系统 HMCS HMOS 鸿蒙云生态 生态系统 鸿蒙蝴蝶云 蝴蝶云 蝴蝶 蝴蝶云生态 广告DSP 数字乡村 数字中国 云服务 数据服务 IDC中心 ISP 云说 鸿云 鸿云商圈 云名片 云展会 云推广 智能云终端 云平台 云网站 党务 政务 商务 智网 行业云,欢迎使用鸿蒙蝴蝶云,39.938884:116.397459,北京,中国
yfpushangmingdeng.chci.cn,220.194.59.84,ChinaUnicom,iot.chci.cn|s.i369.com|www.chci.cn|agents.chci.cn|yunzhi.chci.cn|mail.vcso.cn|admin.chci.cn|nmfdj.i369.com|sso.chci.cn|p.worldhm.com,鸿蒙 鸿蒙云 鸿蒙系统 鸿蒙云系统 鸿蒙CHCI系统 HMCS HMOS 鸿蒙云生态 生态系统 鸿蒙蝴蝶云 蝴蝶云 蝴蝶 蝴蝶云生态 广告DSP 数字乡村 数字中国 云服务 数据服务 IDC中心 ISP 云说 鸿云 鸿云商圈 云名片 云展会 云推广 智能云终端 云平台 云网站 党务 政务 商务 智网 行业云,欢迎使用鸿蒙蝴蝶云,39.938884:116.397459,北京,中国
yongrong.chci.cn,220.194.59.84,ChinaUnicom,iot.chci.cn|s.i369.com|www.chci.cn|agents.chci.cn|yunzhi.chci.cn|mail.vcso.cn|admin.chci.cn|nmfdj.i369.com|sso.chci.cn|p.worldhm.com,鸿蒙 鸿蒙云 鸿蒙系统 鸿蒙云系统 鸿蒙CHCI系统 HMCS HMOS 鸿蒙云生态 生态系统 鸿蒙蝴蝶云 蝴蝶云 蝴蝶 蝴蝶云生态 广告DSP 数字乡村 数字中国 云服务 数据服务 IDC中心 ISP 云说 鸿云 鸿云商圈 云名片 云展会 云推广 智能云终端 云平台 云网站 党务 政务 商务 智网 行业云,欢迎使用鸿蒙蝴蝶云,39.938884:116.397459,北京,中国
yfwuguangshise.chci.cn,220.194.59.84,ChinaUnicom,iot.chci.cn|s.i369.com|www.chci.cn|agents.chci.cn|yunzhi.chci.cn|mail.vcso.cn|admin.chci.cn|nmfdj.i369.com|sso.chci.cn|p.worldhm.com,鸿蒙 鸿蒙云 鸿蒙系统 鸿蒙云系统 鸿蒙CHCI系统 HMCS HMOS 鸿蒙云生态 生态系统 鸿蒙蝴蝶云 蝴蝶云 蝴蝶 蝴蝶云生态 广告DSP 数字乡村 数字中国 云服务 数据服务 IDC中心 ISP 云说 鸿云 鸿云商圈 云名片 云展会 云推广 智能云终端 云平台 云网站 党务 政务 商务 智网 行业云,欢迎使用鸿蒙蝴蝶云,39.938884:116.397459,北京,中国
yhznkj.chci.cn,220.194.59.84,ChinaUnicom,iot.chci.cn|s.i369.com|www.chci.cn|agents.chci.cn|yunzhi.chci.cn|mail.vcso.cn|admin.chci.cn|nmfdj.i369.com|sso.chci.cn|p.worldhm.com,鸿蒙 鸿蒙云 鸿蒙系统 鸿蒙云系统 鸿蒙CHCI系统 HMCS HMOS 鸿蒙云生态 生态系统 鸿蒙蝴蝶云 蝴蝶云 蝴蝶 蝴蝶云生态 广告DSP 数字乡村 数字中国 云服务 数据服务 IDC中心 ISP 云说 鸿云 鸿云商圈 云名片 云展会 云推广 智能云终端 云平台 云网站 党务 政务 商务 智网 行业云,欢迎使用鸿蒙蝴蝶云,39.938884:116.397459,北京,中国
yfqunximumen.chci.cn,220.194.59.84,ChinaUnicom,iot.chci.cn|s.i369.com|www.chci.cn|agents.chci.cn|yunzhi.chci.cn|mail.vcso.cn|admin.chci.cn|nmfdj.i369.com|sso.chci.cn|p.worldhm.com,鸿蒙 鸿蒙云 鸿蒙系统 鸿蒙云系统 鸿蒙CHCI系统 HMCS HMOS 鸿蒙云生态 生态系统 鸿蒙蝴蝶云 蝴蝶云 蝴蝶 蝴蝶云生态 广告DSP 数字乡村 数字中国 云服务 数据服务 IDC中心 ISP 云说 鸿云 鸿云商圈 云名片 云展会 云推广 智能云终端 云平台 云网站 党务 政务 商务 智网 行业云,欢迎使用鸿蒙蝴蝶云,39.938884:116.397459,北京,中国
zhuanlan.51cto.com,203.107.44.140,ALIYUN,image.51cto.com|news.51cto.com|b.51cto.com|x.51cto.com|www.idcquan.com|blockchain.51cto.com|www.mydrivers.com|www.iresearch.cn|www.geekpark.net|iot.51cto.com|mobile.51cto.com|www.techwalker.com|www.chinaz.com|www.cet.com.cn|bbs.51cto.com|tech.163.com|network.51cto.com|wot.51cto.com|netsecurity.51cto.com|database.51cto.com|b.edu.51cto.com|www.sootoo.com|blog.51cto.com|zhibo.51cto.com|www.d1net.com|weibo.com|www.pedaily.cn|e.51cto.com|metacon.51cto.com|www.cioage.com|www.hc3i.cn|so.51cto.com|os.51cto.com|www.iitime.com.cn|developer.51cto.com|ai.51cto.com|tech.ifeng.com|www.techweb.com.cn|server.51cto.com|tech.qq.com|edu.51cto.com|www.ithome.com|tech.sina.com.cn|www.263.net|cloud.51cto.com|harmonyos.51cto.com,技术媒体 在线教育 视频课程 企业培训 鸿蒙社区 开发者社区 资讯 职场 技术博客 软考 认证考试 开发 编程语言 物联网 HarmonyOS 人工智能 大数据 国产化 软件开发 网络 系统 操作系统 运维 安全 存储 数据库 企业解决方案 华为,51CTO是中国领先的IT技术在线学习平台和中国最大的IT技术社区之一，以服务IT技术人员职业成长为己任，对中国数千万IT技术人员拥有强大的影响力和服务能力。通过技术社区、技术博客和新媒体矩阵等综合产品服务体系，凝聚了2000万+IT技术人员、50万+位技术博主和近千家IT公司的CTO；通过丰富且高质量的IT技术在线教育资源，完整覆盖就业培训、在职提升、认证考试等职业教育领域，分别打造企业培训、个人提升创新产品矩阵，服务IT人才成长。同时，作为华为鸿蒙操作系统合作伙伴，51CTO承担了鸿蒙官方技术社区的运营，全力服务于鸿蒙开发者生态。,36.894402:104.166,,中国
1111ht.com,107.151.93.94,ceranetworks.com,www.wangxiaolaoshi.com|www.sh-jyqh.com|www.xm7788.com|www.fpftnsy.com|www.chibo520.com|www.mioagri.com,单职业传奇私服 变态单职业传奇sf 轻变单职业传奇 微变单职业传奇 超变单职业传奇 鸿蒙单职业传奇 新开单职业传奇私服发布网站,新开单职业传奇私服发布网站是变态单职业传奇sf体系中一款基于云端服务技术的单职业传奇私服攻略平台 集轻变单职业传奇 微变单职业传奇 超变单职业传奇 鸿蒙单职业传奇于一体的攻略资讯;专门针对喜欢各类单职业传奇私服的游戏玩家而设计.,22.396428:114.109497,,中国
unionman.atobo.com,106.3.145.230,ChinaUnicom,my.atobo.com|m.atobo.com|beian.miit.gov.cn|unionman.suinidai.com.cn|www.atobo.com|unionman.baiyegu.com,广东九联科技股份有限公司；“路由器”“摄像头”“鸿蒙系统”“门铃”“VR”“光猫”“机顶盒”,广东九联科技股份有限公司，主要经营：“路由器”“摄像头”“鸿蒙系统”“门铃”“VR”“光猫”“机顶盒”；公司位于美丽的惠州市惠澳大道惠南高新科技产业园惠泰路5号。,39.938884:116.397459,北京,中国
b.i369.com,220.194.59.84,ChinaUnicom,,鸿蒙 鸿蒙云 鸿蒙系统 鸿蒙云系统 鸿蒙CHCI系统 HMCS HMOS 鸿蒙云生态 生态系统 鸿蒙蝴蝶云 蝴蝶云 蝴蝶 蝴蝶云生态 广告DSP 数字乡村 数字中国 云服务 数据服务 IDC中心 ISP 云说 鸿云 鸿云商圈 云名片 云展会 云推广 智能云终端 云平台 云网站 党务 政务 商务 智网 行业云,欢迎使用鸿蒙蝴蝶云,39.938884:116.397459,北京,中国
bdzxpc.chci.cn,220.194.59.84,ChinaUnicom,iot.chci.cn|s.i369.com|www.chci.cn|agents.chci.cn|yunzhi.chci.cn|mail.vcso.cn|admin.chci.cn|nmfdj.i369.com|sso.chci.cn|p.worldhm.com,鸿蒙 鸿蒙云 鸿蒙系统 鸿蒙云系统 鸿蒙CHCI系统 HMCS HMOS 鸿蒙云生态 生态系统 鸿蒙蝴蝶云 蝴蝶云 蝴蝶 蝴蝶云生态 广告DSP 数字乡村 数字中国 云服务 数据服务 IDC中心 ISP 云说 鸿云 鸿云商圈 云名片 云展会 云推广 智能云终端 云平台 云网站 党务 政务 商务 智网 行业云,欢迎使用鸿蒙蝴蝶云,39.938884:116.397459,北京,中国
jiazhouguojiyulecheng.xmlyi.com,107.148.189.204,petaexpress.com,cch0jldg.oakmeadowgolfclub.com|iydw1.comaiora.com|r3tzh.lordrap.com|rhu1v.gzxinmu.com|5vd0xnxug.jnsousuo.com|eio9onnye.njwells.com|1z11lw1340.myjazzyafro.com|8n41xvo.sunnydigital.net|3wrg8u8hh1.czpnm.com|k2h306p.xile168.com,成a人片免费在线观看 鸿蒙玄天曲txt全本下载_老司机久久精品最新免费,【成a人片免费在线观看影院-在线视频播放免安装】，你想看的我们全都有....未满18请主动离开,34.052234:-118.243685,洛杉矶,美国
www.hongmeng.blog,129.226.173.23,tencent.com,www.harmonyos.com,鸿蒙OS之家 鸿蒙OS博客 鸿蒙OS教程 鸿蒙OS资讯 鸿蒙OS技术 Harmony OS博客 Harmony OS之家，鸿蒙OS Harmony OS,一个分享鸿蒙OS操作系统的网站，希望在这里能学到一些东西。,22.396428:114.109497,,中国
hongmengshenhua.com,152.32.211.191,ucloud.cn,,鸿蒙神话舞台类服装选购,,22.396428:114.109497,,中国
hmkj.ink,8.210.5.108,ALIYUN,,鸿蒙科技,全网最低,22.396428:114.109497,,中国
mail.grosir-gaun.com,8.212.24.67,ALIYUN,www.mb.cn|wpa.qq.com|www.sogou.com,醴陵兆虹鸿蒙科技有限公司 ,醴陵兆虹鸿蒙科技有限公司 通过多年运营，深受广大用户认可，为您提供更好的服务是我们不断努力的方向，感谢所用用户对我们的信赖与支持。,1.352083:103.819836,,新加坡
yfxingzhiyu.chci.cn,220.194.59.84,ChinaUnicom,iot.chci.cn|s.i369.com|www.chci.cn|agents.chci.cn|yunzhi.chci.cn|mail.vcso.cn|admin.chci.cn|nmfdj.i369.com|sso.chci.cn|p.worldhm.com,鸿蒙 鸿蒙云 鸿蒙系统 鸿蒙云系统 鸿蒙CHCI系统 HMCS HMOS 鸿蒙云生态 生态系统 鸿蒙蝴蝶云 蝴蝶云 蝴蝶 蝴蝶云生态 广告DSP 数字乡村 数字中国 云服务 数据服务 IDC中心 ISP 云说 鸿云 鸿云商圈 云名片 云展会 云推广 智能云终端 云平台 云网站 党务 政务 商务 智网 行业云,欢迎使用鸿蒙蝴蝶云,39.938884:116.397459,北京,中国
yfbaideshengyigui.chci.cn,220.194.59.84,ChinaUnicom,iot.chci.cn|s.i369.com|www.chci.cn|agents.chci.cn|yunzhi.chci.cn|mail.vcso.cn|admin.chci.cn|nmfdj.i369.com|sso.chci.cn|p.worldhm.com,鸿蒙 鸿蒙云 鸿蒙系统 鸿蒙云系统 鸿蒙CHCI系统 HMCS HMOS 鸿蒙云生态 生态系统 鸿蒙蝴蝶云 蝴蝶云 蝴蝶 蝴蝶云生态 广告DSP 数字乡村 数字中国 云服务 数据服务 IDC中心 ISP 云说 鸿云 鸿云商圈 云名片 云展会 云推广 智能云终端 云平台 云网站 党务 政务 商务 智网 行业云,欢迎使用鸿蒙蝴蝶云,39.938884:116.397459,北京,中国
yftiangediban.chci.cn,220.194.59.84,ChinaUnicom,iot.chci.cn|s.i369.com|www.chci.cn|agents.chci.cn|yunzhi.chci.cn|mail.vcso.cn|admin.chci.cn|nmfdj.i369.com|sso.chci.cn|p.worldhm.com,鸿蒙 鸿蒙云 鸿蒙系统 鸿蒙云系统 鸿蒙CHCI系统 HMCS HMOS 鸿蒙云生态 生态系统 鸿蒙蝴蝶云 蝴蝶云 蝴蝶 蝴蝶云生态 广告DSP 数字乡村 数字中国 云服务 数据服务 IDC中心 ISP 云说 鸿云 鸿云商圈 云名片 云展会 云推广 智能云终端 云平台 云网站 党务 政务 商务 智网 行业云,欢迎使用鸿蒙蝴蝶云,39.938884:116.397459,北京,中国
yfdiwangjieju.chci.cn,220.194.59.84,ChinaUnicom,iot.chci.cn|s.i369.com|www.chci.cn|agents.chci.cn|yunzhi.chci.cn|mail.vcso.cn|admin.chci.cn|nmfdj.i369.com|sso.chci.cn|p.worldhm.com,鸿蒙 鸿蒙云 鸿蒙系统 鸿蒙云系统 鸿蒙CHCI系统 HMCS HMOS 鸿蒙云生态 生态系统 鸿蒙蝴蝶云 蝴蝶云 蝴蝶 蝴蝶云生态 广告DSP 数字乡村 数字中国 云服务 数据服务 IDC中心 ISP 云说 鸿云 鸿云商圈 云名片 云展会 云推广 智能云终端 云平台 云网站 党务 政务 商务 智网 行业云,欢迎使用鸿蒙蝴蝶云,39.938884:116.397459,北京,中国
yfxindedengshi.chci.cn,220.194.59.84,ChinaUnicom,iot.chci.cn|s.i369.com|www.chci.cn|agents.chci.cn|yunzhi.chci.cn|mail.vcso.cn|admin.chci.cn|nmfdj.i369.com|sso.chci.cn|p.worldhm.com,鸿蒙 鸿蒙云 鸿蒙系统 鸿蒙云系统 鸿蒙CHCI系统 HMCS HMOS 鸿蒙云生态 生态系统 鸿蒙蝴蝶云 蝴蝶云 蝴蝶 蝴蝶云生态 广告DSP 数字乡村 数字中国 云服务 数据服务 IDC中心 ISP 云说 鸿云 鸿云商圈 云名片 云展会 云推广 智能云终端 云平台 云网站 党务 政务 商务 智网 行业云,欢迎使用鸿蒙蝴蝶云,39.938884:116.397459,北京,中国
yfpushangmingdeng.chci.cn,220.194.59.84,ChinaUnicom,iot.chci.cn|s.i369.com|www.chci.cn|agents.chci.cn|yunzhi.chci.cn|mail.vcso.cn|admin.chci.cn|nmfdj.i369.com|sso.chci.cn|p.worldhm.com,鸿蒙 鸿蒙云 鸿蒙系统 鸿蒙云系统 鸿蒙CHCI系统 HMCS HMOS 鸿蒙云生态 生态系统 鸿蒙蝴蝶云 蝴蝶云 蝴蝶 蝴蝶云生态 广告DSP 数字乡村 数字中国 云服务 数据服务 IDC中心 ISP 云说 鸿云 鸿云商圈 云名片 云展会 云推广 智能云终端 云平台 云网站 党务 政务 商务 智网 行业云,欢迎使用鸿蒙蝴蝶云,39.938884:116.397459,北京,中国
yongrong.chci.cn,220.194.59.84,ChinaUnicom,iot.chci.cn|s.i369.com|www.chci.cn|agents.chci.cn|yunzhi.chci.cn|mail.vcso.cn|admin.chci.cn|nmfdj.i369.com|sso.chci.cn|p.worldhm.com,鸿蒙 鸿蒙云 鸿蒙系统 鸿蒙云系统 鸿蒙CHCI系统 HMCS HMOS 鸿蒙云生态 生态系统 鸿蒙蝴蝶云 蝴蝶云 蝴蝶 蝴蝶云生态 广告DSP 数字乡村 数字中国 云服务 数据服务 IDC中心 ISP 云说 鸿云 鸿云商圈 云名片 云展会 云推广 智能云终端 云平台 云网站 党务 政务 商务 智网 行业云,欢迎使用鸿蒙蝴蝶云,39.938884:116.397459,北京,中国
yfwuguangshise.chci.cn,220.194.59.84,ChinaUnicom,iot.chci.cn|s.i369.com|www.chci.cn|agents.chci.cn|yunzhi.chci.cn|mail.vcso.cn|admin.chci.cn|nmfdj.i369.com|sso.chci.cn|p.worldhm.com,鸿蒙 鸿蒙云 鸿蒙系统 鸿蒙云系统 鸿蒙CHCI系统 HMCS HMOS 鸿蒙云生态 生态系统 鸿蒙蝴蝶云 蝴蝶云 蝴蝶 蝴蝶云生态 广告DSP 数字乡村 数字中国 云服务 数据服务 IDC中心 ISP 云说 鸿云 鸿云商圈 云名片 云展会 云推广 智能云终端 云平台 云网站 党务 政务 商务 智网 行业云,欢迎使用鸿蒙蝴蝶云,39.938884:116.397459,北京,中国
yhznkj.chci.cn,220.194.59.84,ChinaUnicom,iot.chci.cn|s.i369.com|www.chci.cn|agents.chci.cn|yunzhi.chci.cn|mail.vcso.cn|admin.chci.cn|nmfdj.i369.com|sso.chci.cn|p.worldhm.com,鸿蒙 鸿蒙云 鸿蒙系统 鸿蒙云系统 鸿蒙CHCI系统 HMCS HMOS 鸿蒙云生态 生态系统 鸿蒙蝴蝶云 蝴蝶云 蝴蝶 蝴蝶云生态 广告DSP 数字乡村 数字中国 云服务 数据服务 IDC中心 ISP 云说 鸿云 鸿云商圈 云名片 云展会 云推广 智能云终端 云平台 云网站 党务 政务 商务 智网 行业云,欢迎使用鸿蒙蝴蝶云,39.938884:116.397459,北京,中国
yfqunximumen.chci.cn,220.194.59.84,ChinaUnicom,iot.chci.cn|s.i369.com|www.chci.cn|agents.chci.cn|yunzhi.chci.cn|mail.vcso.cn|admin.chci.cn|nmfdj.i369.com|sso.chci.cn|p.worldhm.com,鸿蒙 鸿蒙云 鸿蒙系统 鸿蒙云系统 鸿蒙CHCI系统 HMCS HMOS 鸿蒙云生态 生态系统 鸿蒙蝴蝶云 蝴蝶云 蝴蝶 蝴蝶云生态 广告DSP 数字乡村 数字中国 云服务 数据服务 IDC中心 ISP 云说 鸿云 鸿云商圈 云名片 云展会 云推广 智能云终端 云平台 云网站 党务 政务 商务 智网 行业云,欢迎使用鸿蒙蝴蝶云,39.938884:116.397459,北京,中国
zhuanlan.51cto.com,203.107.44.140,ALIYUN,image.51cto.com|news.51cto.com|b.51cto.com|x.51cto.com|www.idcquan.com|blockchain.51cto.com|www.mydrivers.com|www.iresearch.cn|www.geekpark.net|iot.51cto.com|mobile.51cto.com|www.techwalker.com|www.chinaz.com|www.cet.com.cn|bbs.51cto.com|tech.163.com|network.51cto.com|wot.51cto.com|netsecurity.51cto.com|database.51cto.com|b.edu.51cto.com|www.sootoo.com|blog.51cto.com|zhibo.51cto.com|www.d1net.com|weibo.com|www.pedaily.cn|e.51cto.com|metacon.51cto.com|www.cioage.com|www.hc3i.cn|so.51cto.com|os.51cto.com|www.iitime.com.cn|developer.51cto.com|ai.51cto.com|tech.ifeng.com|www.techweb.com.cn|server.51cto.com|tech.qq.com|edu.51cto.com|www.ithome.com|tech.sina.com.cn|www.263.net|cloud.51cto.com|harmonyos.51cto.com,技术媒体 在线教育 视频课程 企业培训 鸿蒙社区 开发者社区 资讯 职场 技术博客 软考 认证考试 开发 编程语言 物联网 HarmonyOS 人工智能 大数据 国产化 软件开发 网络 系统 操作系统 运维 安全 存储 数据库 企业解决方案 华为,51CTO是中国领先的IT技术在线学习平台和中国最大的IT技术社区之一，以服务IT技术人员职业成长为己任，对中国数千万IT技术人员拥有强大的影响力和服务能力。通过技术社区、技术博客和新媒体矩阵等综合产品服务体系，凝聚了2000万+IT技术人员、50万+位技术博主和近千家IT公司的CTO；通过丰富且高质量的IT技术在线教育资源，完整覆盖就业培训、在职提升、认证考试等职业教育领域，分别打造企业培训、个人提升创新产品矩阵，服务IT人才成长。同时，作为华为鸿蒙操作系统合作伙伴，51CTO承担了鸿蒙官方技术社区的运营，全力服务于鸿蒙开发者生态。,36.894402:104.166,,中国
1111ht.com,107.151.93.94,ceranetworks.com,www.wangxiaolaoshi.com|www.sh-jyqh.com|www.xm7788.com|www.fpftnsy.com|www.chibo520.com|www.mioagri.com,单职业传奇私服 变态单职业传奇sf 轻变单职业传奇 微变单职业传奇 超变单职业传奇 鸿蒙单职业传奇 新开单职业传奇私服发布网站,新开单职业传奇私服发布网站是变态单职业传奇sf体系中一款基于云端服务技术的单职业传奇私服攻略平台 集轻变单职业传奇 微变单职业传奇 超变单职业传奇 鸿蒙单职业传奇于一体的攻略资讯;专门针对喜欢各类单职业传奇私服的游戏玩家而设计.,22.396428:114.109497,,中国
unionman.atobo.com,106.3.145.230,ChinaUnicom,my.atobo.com|m.atobo.com|beian.miit.gov.cn|unionman.suinidai.com.cn|www.atobo.com|unionman.baiyegu.com,广东九联科技股份有限公司；“路由器”“摄像头”“鸿蒙系统”“门铃”“VR”“光猫”“机顶盒”,广东九联科技股份有限公司，主要经营：“路由器”“摄像头”“鸿蒙系统”“门铃”“VR”“光猫”“机顶盒”；公司位于美丽的惠州市惠澳大道惠南高新科技产业园惠泰路5号。,39.938884:116.397459,北京,中国
b.i369.com,220.194.59.84,ChinaUnicom,,鸿蒙 鸿蒙云 鸿蒙系统 鸿蒙云系统 鸿蒙CHCI系统 HMCS HMOS 鸿蒙云生态 生态系统 鸿蒙蝴蝶云 蝴蝶云 蝴蝶 蝴蝶云生态 广告DSP 数字乡村 数字中国 云服务 数据服务 IDC中心 ISP 云说 鸿云 鸿云商圈 云名片 云展会 云推广 智能云终端 云平台 云网站 党务 政务 商务 智网 行业云,欢迎使用鸿蒙蝴蝶云,39.938884:116.397459,北京,中国
bdzxpc.chci.cn,220.194.59.84,ChinaUnicom,iot.chci.cn|s.i369.com|www.chci.cn|agents.chci.cn|yunzhi.chci.cn|mail.vcso.cn|admin.chci.cn|nmfdj.i369.com|sso.chci.cn|p.worldhm.com,鸿蒙 鸿蒙云 鸿蒙系统 鸿蒙云系统 鸿蒙CHCI系统 HMCS HMOS 鸿蒙云生态 生态系统 鸿蒙蝴蝶云 蝴蝶云 蝴蝶 蝴蝶云生态 广告DSP 数字乡村 数字中国 云服务 数据服务 IDC中心 ISP 云说 鸿云 鸿云商圈 云名片 云展会 云推广 智能云终端 云平台 云网站 党务 政务 商务 智网 行业云,欢迎使用鸿蒙蝴蝶云,39.938884:116.397459,北京,中国
jiazhouguojiyulecheng.xmlyi.com,107.148.189.204,petaexpress.com,cch0jldg.oakmeadowgolfclub.com|iydw1.comaiora.com|r3tzh.lordrap.com|rhu1v.gzxinmu.com|5vd0xnxug.jnsousuo.com|eio9onnye.njwells.com|1z11lw1340.myjazzyafro.com|8n41xvo.sunnydigital.net|3wrg8u8hh1.czpnm.com|k2h306p.xile168.com,成a人片免费在线观看 鸿蒙玄天曲txt全本下载_老司机久久精品最新免费,【成a人片免费在线观看影院-在线视频播放免安装】，你想看的我们全都有....未满18请主动离开,34.052234:-118.243685,洛杉矶,美国
www.hongmeng.blog,129.226.173.23,tencent.com,www.harmonyos.com,鸿蒙OS之家 鸿蒙OS博客 鸿蒙OS教程 鸿蒙OS资讯 鸿蒙OS技术 Harmony OS博客 Harmony OS之家，鸿蒙OS Harmony OS,一个分享鸿蒙OS操作系统的网站，希望在这里能学到一些东西。,22.396428:114.109497,,中国
hongmengshenhua.com,152.32.211.191,ucloud.cn,,鸿蒙神话舞台类服装选购,,22.396428:114.109497,,中国
hmkj.ink,8.210.5.108,ALIYUN,,鸿蒙科技,全网最低,22.396428:114.109497,,中国
mail.grosir-gaun.com,8.212.24.67,ALIYUN,www.mb.cn|wpa.qq.com|www.sogou.com,醴陵兆虹鸿蒙科技有限公司 ,醴陵兆虹鸿蒙科技有限公司 通过多年运营，深受广大用户认可，为您提供更好的服务是我们不断努力的方向，感谢所用用户对我们的信赖与支持。,1.352083:103.819836,,新加坡
yfxingzhiyu.chci.cn,220.194.59.84,ChinaUnicom,iot.chci.cn|s.i369.com|www.chci.cn|agents.chci.cn|yunzhi.chci.cn|mail.vcso.cn|admin.chci.cn|nmfdj.i369.com|sso.chci.cn|p.worldhm.com,鸿蒙 鸿蒙云 鸿蒙系统 鸿蒙云系统 鸿蒙CHCI系统 HMCS HMOS 鸿蒙云生态 生态系统 鸿蒙蝴蝶云 蝴蝶云 蝴蝶 蝴蝶云生态 广告DSP 数字乡村 数字中国 云服务 数据服务 IDC中心 ISP 云说 鸿云 鸿云商圈 云名片 云展会 云推广 智能云终端 云平台 云网站 党务 政务 商务 智网 行业云,欢迎使用鸿蒙蝴蝶云,39.938884:116.397459,北京,中国
yfbaideshengyigui.chci.cn,220.194.59.84,ChinaUnicom,iot.chci.cn|s.i369.com|www.chci.cn|agents.chci.cn|yunzhi.chci.cn|mail.vcso.cn|admin.chci.cn|nmfdj.i369.com|sso.chci.cn|p.worldhm.com,鸿蒙 鸿蒙云 鸿蒙系统 鸿蒙云系统 鸿蒙CHCI系统 HMCS HMOS 鸿蒙云生态 生态系统 鸿蒙蝴蝶云 蝴蝶云 蝴蝶 蝴蝶云生态 广告DSP 数字乡村 数字中国 云服务 数据服务 IDC中心 ISP 云说 鸿云 鸿云商圈 云名片 云展会 云推广 智能云终端 云平台 云网站 党务 政务 商务 智网 行业云,欢迎使用鸿蒙蝴蝶云,39.938884:116.397459,北京,中国
yftiangediban.chci.cn,220.194.59.84,ChinaUnicom,iot.chci.cn|s.i369.com|www.chci.cn|agents.chci.cn|yunzhi.chci.cn|mail.vcso.cn|admin.chci.cn|nmfdj.i369.com|sso.chci.cn|p.worldhm.com,鸿蒙 鸿蒙云 鸿蒙系统 鸿蒙云系统 鸿蒙CHCI系统 HMCS HMOS 鸿蒙云生态 生态系统 鸿蒙蝴蝶云 蝴蝶云 蝴蝶 蝴蝶云生态 广告DSP 数字乡村 数字中国 云服务 数据服务 IDC中心 ISP 云说 鸿云 鸿云商圈 云名片 云展会 云推广 智能云终端 云平台 云网站 党务 政务 商务 智网 行业云,欢迎使用鸿蒙蝴蝶云,39.938884:116.397459,北京,中国
yfdiwangjieju.chci.cn,220.194.59.84,ChinaUnicom,iot.chci.cn|s.i369.com|www.chci.cn|agents.chci.cn|yunzhi.chci.cn|mail.vcso.cn|admin.chci.cn|nmfdj.i369.com|sso.chci.cn|p.worldhm.com,鸿蒙 鸿蒙云 鸿蒙系统 鸿蒙云系统 鸿蒙CHCI系统 HMCS HMOS 鸿蒙云生态 生态系统 鸿蒙蝴蝶云 蝴蝶云 蝴蝶 蝴蝶云生态 广告DSP 数字乡村 数字中国 云服务 数据服务 IDC中心 ISP 云说 鸿云 鸿云商圈 云名片 云展会 云推广 智能云终端 云平台 云网站 党务 政务 商务 智网 行业云,欢迎使用鸿蒙蝴蝶云,39.938884:116.397459,北京,中国
yfxindedengshi.chci.cn,220.194.59.84,ChinaUnicom,iot.chci.cn|s.i369.com|www.chci.cn|agents.chci.cn|yunzhi.chci.cn|mail.vcso.cn|admin.chci.cn|nmfdj.i369.com|sso.chci.cn|p.worldhm.com,鸿蒙 鸿蒙云 鸿蒙系统 鸿蒙云系统 鸿蒙CHCI系统 HMCS HMOS 鸿蒙云生态 生态系统 鸿蒙蝴蝶云 蝴蝶云 蝴蝶 蝴蝶云生态 广告DSP 数字乡村 数字中国 云服务 数据服务 IDC中心 ISP 云说 鸿云 鸿云商圈 云名片 云展会 云推广 智能云终端 云平台 云网站 党务 政务 商务 智网 行业云,欢迎使用鸿蒙蝴蝶云,39.938884:116.397459,北京,中国
yfpushangmingdeng.chci.cn,220.194.59.84,ChinaUnicom,iot.chci.cn|s.i369.com|www.chci.cn|agents.chci.cn|yunzhi.chci.cn|mail.vcso.cn|admin.chci.cn|nmfdj.i369.com|sso.chci.cn|p.worldhm.com,鸿蒙 鸿蒙云 鸿蒙系统 鸿蒙云系统 鸿蒙CHCI系统 HMCS HMOS 鸿蒙云生态 生态系统 鸿蒙蝴蝶云 蝴蝶云 蝴蝶 蝴蝶云生态 广告DSP 数字乡村 数字中国 云服务 数据服务 IDC中心 ISP 云说 鸿云 鸿云商圈 云名片 云展会 云推广 智能云终端 云平台 云网站 党务 政务 商务 智网 行业云,欢迎使用鸿蒙蝴蝶云,39.938884:116.397459,北京,中国
yongrong.chci.cn,220.194.59.84,ChinaUnicom,iot.chci.cn|s.i369.com|www.chci.cn|agents.chci.cn|yunzhi.chci.cn|mail.vcso.cn|admin.chci.cn|nmfdj.i369.com|sso.chci.cn|p.worldhm.com,鸿蒙 鸿蒙云 鸿蒙系统 鸿蒙云系统 鸿蒙CHCI系统 HMCS HMOS 鸿蒙云生态 生态系统 鸿蒙蝴蝶云 蝴蝶云 蝴蝶 蝴蝶云生态 广告DSP 数字乡村 数字中国 云服务 数据服务 IDC中心 ISP 云说 鸿云 鸿云商圈 云名片 云展会 云推广 智能云终端 云平台 云网站 党务 政务 商务 智网 行业云,欢迎使用鸿蒙蝴蝶云,39.938884:116.397459,北京,中国
yfwuguangshise.chci.cn,220.194.59.84,ChinaUnicom,iot.chci.cn|s.i369.com|www.chci.cn|agents.chci.cn|yunzhi.chci.cn|mail.vcso.cn|admin.chci.cn|nmfdj.i369.com|sso.chci.cn|p.worldhm.com,鸿蒙 鸿蒙云 鸿蒙系统 鸿蒙云系统 鸿蒙CHCI系统 HMCS HMOS 鸿蒙云生态 生态系统 鸿蒙蝴蝶云 蝴蝶云 蝴蝶 蝴蝶云生态 广告DSP 数字乡村 数字中国 云服务 数据服务 IDC中心 ISP 云说 鸿云 鸿云商圈 云名片 云展会 云推广 智能云终端 云平台 云网站 党务 政务 商务 智网 行业云,欢迎使用鸿蒙蝴蝶云,39.938884:116.397459,北京,中国
yhznkj.chci.cn,220.194.59.84,ChinaUnicom,iot.chci.cn|s.i369.com|www.chci.cn|agents.chci.cn|yunzhi.chci.cn|mail.vcso.cn|admin.chci.cn|nmfdj.i369.com|sso.chci.cn|p.worldhm.com,鸿蒙 鸿蒙云 鸿蒙系统 鸿蒙云系统 鸿蒙CHCI系统 HMCS HMOS 鸿蒙云生态 生态系统 鸿蒙蝴蝶云 蝴蝶云 蝴蝶 蝴蝶云生态 广告DSP 数字乡村 数字中国 云服务 数据服务 IDC中心 ISP 云说 鸿云 鸿云商圈 云名片 云展会 云推广 智能云终端 云平台 云网站 党务 政务 商务 智网 行业云,欢迎使用鸿蒙蝴蝶云,39.938884:116.397459,北京,中国
yfqunximumen.chci.cn,220.194.59.84,ChinaUnicom,iot.chci.cn|s.i369.com|www.chci.cn|agents.chci.cn|yunzhi.chci.cn|mail.vcso.cn|admin.chci.cn|nmfdj.i369.com|sso.chci.cn|p.worldhm.com,鸿蒙 鸿蒙云 鸿蒙系统 鸿蒙云系统 鸿蒙CHCI系统 HMCS HMOS 鸿蒙云生态 生态系统 鸿蒙蝴蝶云 蝴蝶云 蝴蝶 蝴蝶云生态 广告DSP 数字乡村 数字中国 云服务 数据服务 IDC中心 ISP 云说 鸿云 鸿云商圈 云名片 云展会 云推广 智能云终端 云平台 云网站 党务 政务 商务 智网 行业云,欢迎使用鸿蒙蝴蝶云,39.938884:116.397459,北京,中国
zhuanlan.51cto.com,203.107.44.140,ALIYUN,image.51cto.com|news.51cto.com|b.51cto.com|x.51cto.com|www.idcquan.com|blockchain.51cto.com|www.mydrivers.com|www.iresearch.cn|www.geekpark.net|iot.51cto.com|mobile.51cto.com|www.techwalker.com|www.chinaz.com|www.cet.com.cn|bbs.51cto.com|tech.163.com|network.51cto.com|wot.51cto.com|netsecurity.51cto.com|database.51cto.com|b.edu.51cto.com|www.sootoo.com|blog.51cto.com|zhibo.51cto.com|www.d1net.com|weibo.com|www.pedaily.cn|e.51cto.com|metacon.51cto.com|www.cioage.com|www.hc3i.cn|so.51cto.com|os.51cto.com|www.iitime.com.cn|developer.51cto.com|ai.51cto.com|tech.ifeng.com|www.techweb.com.cn|server.51cto.com|tech.qq.com|edu.51cto.com|www.ithome.com|tech.sina.com.cn|www.263.net|cloud.51cto.com|harmonyos.51cto.com,技术媒体 在线教育 视频课程 企业培训 鸿蒙社区 开发者社区 资讯 职场 技术博客 软考 认证考试 开发 编程语言 物联网 HarmonyOS 人工智能 大数据 国产化 软件开发 网络 系统 操作系统 运维 安全 存储 数据库 企业解决方案 华为,51CTO是中国领先的IT技术在线学习平台和中国最大的IT技术社区之一，以服务IT技术人员职业成长为己任，对中国数千万IT技术人员拥有强大的影响力和服务能力。通过技术社区、技术博客和新媒体矩阵等综合产品服务体系，凝聚了2000万+IT技术人员、50万+位技术博主和近千家IT公司的CTO；通过丰富且高质量的IT技术在线教育资源，完整覆盖就业培训、在职提升、认证考试等职业教育领域，分别打造企业培训、个人提升创新产品矩阵，服务IT人才成长。同时，作为华为鸿蒙操作系统合作伙伴，51CTO承担了鸿蒙官方技术社区的运营，全力服务于鸿蒙开发者生态。,36.894402:104.166,,中国
1111ht.com,107.151.93.94,ceranetworks.com,www.wangxiaolaoshi.com|www.sh-jyqh.com|www.xm7788.com|www.fpftnsy.com|www.chibo520.com|www.mioagri.com,单职业传奇私服 变态单职业传奇sf 轻变单职业传奇 微变单职业传奇 超变单职业传奇 鸿蒙单职业传奇 新开单职业传奇私服发布网站,新开单职业传奇私服发布网站是变态单职业传奇sf体系中一款基于云端服务技术的单职业传奇私服攻略平台 集轻变单职业传奇 微变单职业传奇 超变单职业传奇 鸿蒙单职业传奇于一体的攻略资讯;专门针对喜欢各类单职业传奇私服的游戏玩家而设计.,22.396428:114.109497,,中国
unionman.atobo.com,106.3.145.230,ChinaUnicom,my.atobo.com|m.atobo.com|beian.miit.gov.cn|unionman.suinidai.com.cn|www.atobo.com|unionman.baiyegu.com,广东九联科技股份有限公司；“路由器”“摄像头”“鸿蒙系统”“门铃”“VR”“光猫”“机顶盒”,广东九联科技股份有限公司，主要经营：“路由器”“摄像头”“鸿蒙系统”“门铃”“VR”“光猫”“机顶盒”；公司位于美丽的惠州市惠澳大道惠南高新科技产业园惠泰路5号。,39.938884:116.397459,北京,中国
b.i369.com,220.194.59.84,ChinaUnicom,,鸿蒙 鸿蒙云 鸿蒙系统 鸿蒙云系统 鸿蒙CHCI系统 HMCS HMOS 鸿蒙云生态 生态系统 鸿蒙蝴蝶云 蝴蝶云 蝴蝶 蝴蝶云生态 广告DSP 数字乡村 数字中国 云服务 数据服务 IDC中心 ISP 云说 鸿云 鸿云商圈 云名片 云展会 云推广 智能云终端 云平台 云网站 党务 政务 商务 智网 行业云,欢迎使用鸿蒙蝴蝶云,39.938884:116.397459,北京,中国
bdzxpc.chci.cn,220.194.59.84,ChinaUnicom,iot.chci.cn|s.i369.com|www.chci.cn|agents.chci.cn|yunzhi.chci.cn|mail.vcso.cn|admin.chci.cn|nmfdj.i369.com|sso.chci.cn|p.worldhm.com,鸿蒙 鸿蒙云 鸿蒙系统 鸿蒙云系统 鸿蒙CHCI系统 HMCS HMOS 鸿蒙云生态 生态系统 鸿蒙蝴蝶云 蝴蝶云 蝴蝶 蝴蝶云生态 广告DSP 数字乡村 数字中国 云服务 数据服务 IDC中心 ISP 云说 鸿云 鸿云商圈 云名片 云展会 云推广 智能云终端 云平台 云网站 党务 政务 商务 智网 行业云,欢迎使用鸿蒙蝴蝶云,39.938884:116.397459,北京,中国
jiazhouguojiyulecheng.xmlyi.com,107.148.189.204,petaexpress.com,cch0jldg.oakmeadowgolfclub.com|iydw1.comaiora.com|r3tzh.lordrap.com|rhu1v.gzxinmu.com|5vd0xnxug.jnsousuo.com|eio9onnye.njwells.com|1z11lw1340.myjazzyafro.com|8n41xvo.sunnydigital.net|3wrg8u8hh1.czpnm.com|k2h306p.xile168.com,成a人片免费在线观看 鸿蒙玄天曲txt全本下载_老司机久久精品最新免费,【成a人片免费在线观看影院-在线视频播放免安装】，你想看的我们全都有....未满18请主动离开,34.052234:-118.243685,洛杉矶,美国
www.hongmeng.blog,129.226.173.23,tencent.com,www.harmonyos.com,鸿蒙OS之家 鸿蒙OS博客 鸿蒙OS教程 鸿蒙OS资讯 鸿蒙OS技术 Harmony OS博客 Harmony OS之家，鸿蒙OS Harmony OS,一个分享鸿蒙OS操作系统的网站，希望在这里能学到一些东西。,22.396428:114.109497,,中国
hongmengshenhua.com,152.32.211.191,ucloud.cn,,鸿蒙神话舞台类服装选购,,22.396428:114.109497,,中国
hmkj.ink,8.210.5.108,ALIYUN,,鸿蒙科技,全网最低,22.396428:114.109497,,中国
mail.grosir-gaun.com,8.212.24.67,ALIYUN,www.mb.cn|wpa.qq.com|www.sogou.com,醴陵兆虹鸿蒙科技有限公司 ,醴陵兆虹鸿蒙科技有限公司 通过多年运营，深受广大用户认可，为您提供更好的服务是我们不断努力的方向，感谢所用用户对我们的信赖与支持。,1.352083:103.819836,,新加坡
yfxingzhiyu.chci.cn,220.194.59.84,ChinaUnicom,iot.chci.cn|s.i369.com|www.chci.cn|agents.chci.cn|yunzhi.chci.cn|mail.vcso.cn|admin.chci.cn|nmfdj.i369.com|sso.chci.cn|p.worldhm.com,鸿蒙 鸿蒙云 鸿蒙系统 鸿蒙云系统 鸿蒙CHCI系统 HMCS HMOS 鸿蒙云生态 生态系统 鸿蒙蝴蝶云 蝴蝶云 蝴蝶 蝴蝶云生态 广告DSP 数字乡村 数字中国 云服务 数据服务 IDC中心 ISP 云说 鸿云 鸿云商圈 云名片 云展会 云推广 智能云终端 云平台 云网站 党务 政务 商务 智网 行业云,欢迎使用鸿蒙蝴蝶云,39.938884:116.397459,北京,中国
yfbaideshengyigui.chci.cn,220.194.59.84,ChinaUnicom,iot.chci.cn|s.i369.com|www.chci.cn|agents.chci.cn|yunzhi.chci.cn|mail.vcso.cn|admin.chci.cn|nmfdj.i369.com|sso.chci.cn|p.worldhm.com,鸿蒙 鸿蒙云 鸿蒙系统 鸿蒙云系统 鸿蒙CHCI系统 HMCS HMOS 鸿蒙云生态 生态系统 鸿蒙蝴蝶云 蝴蝶云 蝴蝶 蝴蝶云生态 广告DSP 数字乡村 数字中国 云服务 数据服务 IDC中心 ISP 云说 鸿云 鸿云商圈 云名片 云展会 云推广 智能云终端 云平台 云网站 党务 政务 商务 智网 行业云,欢迎使用鸿蒙蝴蝶云,39.938884:116.397459,北京,中国
yftiangediban.chci.cn,220.194.59.84,ChinaUnicom,iot.chci.cn|s.i369.com|www.chci.cn|agents.chci.cn|yunzhi.chci.cn|mail.vcso.cn|admin.chci.cn|nmfdj.i369.com|sso.chci.cn|p.worldhm.com,鸿蒙 鸿蒙云 鸿蒙系统 鸿蒙云系统 鸿蒙CHCI系统 HMCS HMOS 鸿蒙云生态 生态系统 鸿蒙蝴蝶云 蝴蝶云 蝴蝶 蝴蝶云生态 广告DSP 数字乡村 数字中国 云服务 数据服务 IDC中心 ISP 云说 鸿云 鸿云商圈 云名片 云展会 云推广 智能云终端 云平台 云网站 党务 政务 商务 智网 行业云,欢迎使用鸿蒙蝴蝶云,39.938884:116.397459,北京,中国
yfdiwangjieju.chci.cn,220.194.59.84,ChinaUnicom,iot.chci.cn|s.i369.com|www.chci.cn|agents.chci.cn|yunzhi.chci.cn|mail.vcso.cn|admin.chci.cn|nmfdj.i369.com|sso.chci.cn|p.worldhm.com,鸿蒙 鸿蒙云 鸿蒙系统 鸿蒙云系统 鸿蒙CHCI系统 HMCS HMOS 鸿蒙云生态 生态系统 鸿蒙蝴蝶云 蝴蝶云 蝴蝶 蝴蝶云生态 广告DSP 数字乡村 数字中国 云服务 数据服务 IDC中心 ISP 云说 鸿云 鸿云商圈 云名片 云展会 云推广 智能云终端 云平台 云网站 党务 政务 商务 智网 行业云,欢迎使用鸿蒙蝴蝶云,39.938884:116.397459,北京,中国
yfxindedengshi.chci.cn,220.194.59.84,ChinaUnicom,iot.chci.cn|s.i369.com|www.chci.cn|agents.chci.cn|yunzhi.chci.cn|mail.vcso.cn|admin.chci.cn|nmfdj.i369.com|sso.chci.cn|p.worldhm.com,鸿蒙 鸿蒙云 鸿蒙系统 鸿蒙云系统 鸿蒙CHCI系统 HMCS HMOS 鸿蒙云生态 生态系统 鸿蒙蝴蝶云 蝴蝶云 蝴蝶 蝴蝶云生态 广告DSP 数字乡村 数字中国 云服务 数据服务 IDC中心 ISP 云说 鸿云 鸿云商圈 云名片 云展会 云推广 智能云终端 云平台 云网站 党务 政务 商务 智网 行业云,欢迎使用鸿蒙蝴蝶云,39.938884:116.397459,北京,中国
yfpushangmingdeng.chci.cn,220.194.59.84,ChinaUnicom,iot.chci.cn|s.i369.com|www.chci.cn|agents.chci.cn|yunzhi.chci.cn|mail.vcso.cn|admin.chci.cn|nmfdj.i369.com|sso.chci.cn|p.worldhm.com,鸿蒙 鸿蒙云 鸿蒙系统 鸿蒙云系统 鸿蒙CHCI系统 HMCS HMOS 鸿蒙云生态 生态系统 鸿蒙蝴蝶云 蝴蝶云 蝴蝶 蝴蝶云生态 广告DSP 数字乡村 数字中国 云服务 数据服务 IDC中心 ISP 云说 鸿云 鸿云商圈 云名片 云展会 云推广 智能云终端 云平台 云网站 党务 政务 商务 智网 行业云,欢迎使用鸿蒙蝴蝶云,39.938884:116.397459,北京,中国
yongrong.chci.cn,220.194.59.84,ChinaUnicom,iot.chci.cn|s.i369.com|www.chci.cn|agents.chci.cn|yunzhi.chci.cn|mail.vcso.cn|admin.chci.cn|nmfdj.i369.com|sso.chci.cn|p.worldhm.com,鸿蒙 鸿蒙云 鸿蒙系统 鸿蒙云系统 鸿蒙CHCI系统 HMCS HMOS 鸿蒙云生态 生态系统 鸿蒙蝴蝶云 蝴蝶云 蝴蝶 蝴蝶云生态 广告DSP 数字乡村 数字中国 云服务 数据服务 IDC中心 ISP 云说 鸿云 鸿云商圈 云名片 云展会 云推广 智能云终端 云平台 云网站 党务 政务 商务 智网 行业云,欢迎使用鸿蒙蝴蝶云,39.938884:116.397459,北京,中国
yfwuguangshise.chci.cn,220.194.59.84,ChinaUnicom,iot.chci.cn|s.i369.com|www.chci.cn|agents.chci.cn|yunzhi.chci.cn|mail.vcso.cn|admin.chci.cn|nmfdj.i369.com|sso.chci.cn|p.worldhm.com,鸿蒙 鸿蒙云 鸿蒙系统 鸿蒙云系统 鸿蒙CHCI系统 HMCS HMOS 鸿蒙云生态 生态系统 鸿蒙蝴蝶云 蝴蝶云 蝴蝶 蝴蝶云生态 广告DSP 数字乡村 数字中国 云服务 数据服务 IDC中心 ISP 云说 鸿云 鸿云商圈 云名片 云展会 云推广 智能云终端 云平台 云网站 党务 政务 商务 智网 行业云,欢迎使用鸿蒙蝴蝶云,39.938884:116.397459,北京,中国
yhznkj.chci.cn,220.194.59.84,ChinaUnicom,iot.chci.cn|s.i369.com|www.chci.cn|agents.chci.cn|yunzhi.chci.cn|mail.vcso.cn|admin.chci.cn|nmfdj.i369.com|sso.chci.cn|p.worldhm.com,鸿蒙 鸿蒙云 鸿蒙系统 鸿蒙云系统 鸿蒙CHCI系统 HMCS HMOS 鸿蒙云生态 生态系统 鸿蒙蝴蝶云 蝴蝶云 蝴蝶 蝴蝶云生态 广告DSP 数字乡村 数字中国 云服务 数据服务 IDC中心 ISP 云说 鸿云 鸿云商圈 云名片 云展会 云推广 智能云终端 云平台 云网站 党务 政务 商务 智网 行业云,欢迎使用鸿蒙蝴蝶云,39.938884:116.397459,北京,中国
yfqunximumen.chci.cn,220.194.59.84,ChinaUnicom,iot.chci.cn|s.i369.com|www.chci.cn|agents.chci.cn|yunzhi.chci.cn|mail.vcso.cn|admin.chci.cn|nmfdj.i369.com|sso.chci.cn|p.worldhm.com,鸿蒙 鸿蒙云 鸿蒙系统 鸿蒙云系统 鸿蒙CHCI系统 HMCS HMOS 鸿蒙云生态 生态系统 鸿蒙蝴蝶云 蝴蝶云 蝴蝶 蝴蝶云生态 广告DSP 数字乡村 数字中国 云服务 数据服务 IDC中心 ISP 云说 鸿云 鸿云商圈 云名片 云展会 云推广 智能云终端 云平台 云网站 党务 政务 商务 智网 行业云,欢迎使用鸿蒙蝴蝶云,39.938884:116.397459,北京,中国
zhuanlan.51cto.com,203.107.44.140,ALIYUN,image.51cto.com|news.51cto.com|b.51cto.com|x.51cto.com|www.idcquan.com|blockchain.51cto.com|www.mydrivers.com|www.iresearch.cn|www.geekpark.net|iot.51cto.com|mobile.51cto.com|www.techwalker.com|www.chinaz.com|www.cet.com.cn|bbs.51cto.com|tech.163.com|network.51cto.com|wot.51cto.com|netsecurity.51cto.com|database.51cto.com|b.edu.51cto.com|www.sootoo.com|blog.51cto.com|zhibo.51cto.com|www.d1net.com|weibo.com|www.pedaily.cn|e.51cto.com|metacon.51cto.com|www.cioage.com|www.hc3i.cn|so.51cto.com|os.51cto.com|www.iitime.com.cn|developer.51cto.com|ai.51cto.com|tech.ifeng.com|www.techweb.com.cn|server.51cto.com|tech.qq.com|edu.51cto.com|www.ithome.com|tech.sina.com.cn|www.263.net|cloud.51cto.com|harmonyos.51cto.com,技术媒体 在线教育 视频课程 企业培训 鸿蒙社区 开发者社区 资讯 职场 技术博客 软考 认证考试 开发 编程语言 物联网 HarmonyOS 人工智能 大数据 国产化 软件开发 网络 系统 操作系统 运维 安全 存储 数据库 企业解决方案 华为,51CTO是中国领先的IT技术在线学习平台和中国最大的IT技术社区之一，以服务IT技术人员职业成长为己任，对中国数千万IT技术人员拥有强大的影响力和服务能力。通过技术社区、技术博客和新媒体矩阵等综合产品服务体系，凝聚了2000万+IT技术人员、50万+位技术博主和近千家IT公司的CTO；通过丰富且高质量的IT技术在线教育资源，完整覆盖就业培训、在职提升、认证考试等职业教育领域，分别打造企业培训、个人提升创新产品矩阵，服务IT人才成长。同时，作为华为鸿蒙操作系统合作伙伴，51CTO承担了鸿蒙官方技术社区的运营，全力服务于鸿蒙开发者生态。,36.894402:104.166,,中国
1111ht.com,107.151.93.94,ceranetworks.com,www.wangxiaolaoshi.com|www.sh-jyqh.com|www.xm7788.com|www.fpftnsy.com|www.chibo520.com|www.mioagri.com,单职业传奇私服 变态单职业传奇sf 轻变单职业传奇 微变单职业传奇 超变单职业传奇 鸿蒙单职业传奇 新开单职业传奇私服发布网站,新开单职业传奇私服发布网站是变态单职业传奇sf体系中一款基于云端服务技术的单职业传奇私服攻略平台 集轻变单职业传奇 微变单职业传奇 超变单职业传奇 鸿蒙单职业传奇于一体的攻略资讯;专门针对喜欢各类单职业传奇私服的游戏玩家而设计.,22.396428:114.109497,,中国
unionman.atobo.com,106.3.145.230,ChinaUnicom,my.atobo.com|m.atobo.com|beian.miit.gov.cn|unionman.suinidai.com.cn|www.atobo.com|unionman.baiyegu.com,广东九联科技股份有限公司；“路由器”“摄像头”“鸿蒙系统”“门铃”“VR”“光猫”“机顶盒”,广东九联科技股份有限公司，主要经营：“路由器”“摄像头”“鸿蒙系统”“门铃”“VR”“光猫”“机顶盒”；公司位于美丽的惠州市惠澳大道惠南高新科技产业园惠泰路5号。,39.938884:116.397459,北京,中国
b.i369.com,220.194.59.84,ChinaUnicom,,鸿蒙 鸿蒙云 鸿蒙系统 鸿蒙云系统 鸿蒙CHCI系统 HMCS HMOS 鸿蒙云生态 生态系统 鸿蒙蝴蝶云 蝴蝶云 蝴蝶 蝴蝶云生态 广告DSP 数字乡村 数字中国 云服务 数据服务 IDC中心 ISP 云说 鸿云 鸿云商圈 云名片 云展会 云推广 智能云终端 云平台 云网站 党务 政务 商务 智网 行业云,欢迎使用鸿蒙蝴蝶云,39.938884:116.397459,北京,中国
bdzxpc.chci.cn,220.194.59.84,ChinaUnicom,iot.chci.cn|s.i369.com|www.chci.cn|agents.chci.cn|yunzhi.chci.cn|mail.vcso.cn|admin.chci.cn|nmfdj.i369.com|sso.chci.cn|p.worldhm.com,鸿蒙 鸿蒙云 鸿蒙系统 鸿蒙云系统 鸿蒙CHCI系统 HMCS HMOS 鸿蒙云生态 生态系统 鸿蒙蝴蝶云 蝴蝶云 蝴蝶 蝴蝶云生态 广告DSP 数字乡村 数字中国 云服务 数据服务 IDC中心 ISP 云说 鸿云 鸿云商圈 云名片 云展会 云推广 智能云终端 云平台 云网站 党务 政务 商务 智网 行业云,欢迎使用鸿蒙蝴蝶云,39.938884:116.397459,北京,中国
jiazhouguojiyulecheng.xmlyi.com,107.148.189.204,petaexpress.com,cch0jldg.oakmeadowgolfclub.com|iydw1.comaiora.com|r3tzh.lordrap.com|rhu1v.gzxinmu.com|5vd0xnxug.jnsousuo.com|eio9onnye.njwells.com|1z11lw1340.myjazzyafro.com|8n41xvo.sunnydigital.net|3wrg8u8hh1.czpnm.com|k2h306p.xile168.com,成a人片免费在线观看 鸿蒙玄天曲txt全本下载_老司机久久精品最新免费,【成a人片免费在线观看影院-在线视频播放免安装】，你想看的我们全都有....未满18请主动离开,34.052234:-118.243685,洛杉矶,美国
www.hongmeng.blog,129.226.173.23,tencent.com,www.harmonyos.com,鸿蒙OS之家 鸿蒙OS博客 鸿蒙OS教程 鸿蒙OS资讯 鸿蒙OS技术 Harmony OS博客 Harmony OS之家，鸿蒙OS Harmony OS,一个分享鸿蒙OS操作系统的网站，希望在这里能学到一些东西。,22.396428:114.109497,,中国
hongmengshenhua.com,152.32.211.191,ucloud.cn,,鸿蒙神话舞台类服装选购,,22.396428:114.109497,,中国
hmkj.ink,8.210.5.108,ALIYUN,,鸿蒙科技,全网最低,22.396428:114.109497,,中国
mail.grosir-gaun.com,8.212.24.67,ALIYUN,www.mb.cn|wpa.qq.com|www.sogou.com,醴陵兆虹鸿蒙科技有限公司 ,醴陵兆虹鸿蒙科技有限公司 通过多年运营，深受广大用户认可，为您提供更好的服务是我们不断努力的方向，感谢所用用户对我们的信赖与支持。,1.352083:103.819836,,新加坡
yfxingzhiyu.chci.cn,220.194.59.84,ChinaUnicom,iot.chci.cn|s.i369.com|www.chci.cn|agents.chci.cn|yunzhi.chci.cn|mail.vcso.cn|admin.chci.cn|nmfdj.i369.com|sso.chci.cn|p.worldhm.com,鸿蒙 鸿蒙云 鸿蒙系统 鸿蒙云系统 鸿蒙CHCI系统 HMCS HMOS 鸿蒙云生态 生态系统 鸿蒙蝴蝶云 蝴蝶云 蝴蝶 蝴蝶云生态 广告DSP 数字乡村 数字中国 云服务 数据服务 IDC中心 ISP 云说 鸿云 鸿云商圈 云名片 云展会 云推广 智能云终端 云平台 云网站 党务 政务 商务 智网 行业云,欢迎使用鸿蒙蝴蝶云,39.938884:116.397459,北京,中国
yfbaideshengyigui.chci.cn,220.194.59.84,ChinaUnicom,iot.chci.cn|s.i369.com|www.chci.cn|agents.chci.cn|yunzhi.chci.cn|mail.vcso.cn|admin.chci.cn|nmfdj.i369.com|sso.chci.cn|p.worldhm.com,鸿蒙 鸿蒙云 鸿蒙系统 鸿蒙云系统 鸿蒙CHCI系统 HMCS HMOS 鸿蒙云生态 生态系统 鸿蒙蝴蝶云 蝴蝶云 蝴蝶 蝴蝶云生态 广告DSP 数字乡村 数字中国 云服务 数据服务 IDC中心 ISP 云说 鸿云 鸿云商圈 云名片 云展会 云推广 智能云终端 云平台 云网站 党务 政务 商务 智网 行业云,欢迎使用鸿蒙蝴蝶云,39.938884:116.397459,北京,中国
yftiangediban.chci.cn,220.194.59.84,ChinaUnicom,iot.chci.cn|s.i369.com|www.chci.cn|agents.chci.cn|yunzhi.chci.cn|mail.vcso.cn|admin.chci.cn|nmfdj.i369.com|sso.chci.cn|p.worldhm.com,鸿蒙 鸿蒙云 鸿蒙系统 鸿蒙云系统 鸿蒙CHCI系统 HMCS HMOS 鸿蒙云生态 生态系统 鸿蒙蝴蝶云 蝴蝶云 蝴蝶 蝴蝶云生态 广告DSP 数字乡村 数字中国 云服务 数据服务 IDC中心 ISP 云说 鸿云 鸿云商圈 云名片 云展会 云推广 智能云终端 云平台 云网站 党务 政务 商务 智网 行业云,欢迎使用鸿蒙蝴蝶云,39.938884:116.397459,北京,中国
yfdiwangjieju.chci.cn,220.194.59.84,ChinaUnicom,iot.chci.cn|s.i369.com|www.chci.cn|agents.chci.cn|yunzhi.chci.cn|mail.vcso.cn|admin.chci.cn|nmfdj.i369.com|sso.chci.cn|p.worldhm.com,鸿蒙 鸿蒙云 鸿蒙系统 鸿蒙云系统 鸿蒙CHCI系统 HMCS HMOS 鸿蒙云生态 生态系统 鸿蒙蝴蝶云 蝴蝶云 蝴蝶 蝴蝶云生态 广告DSP 数字乡村 数字中国 云服务 数据服务 IDC中心 ISP 云说 鸿云 鸿云商圈 云名片 云展会 云推广 智能云终端 云平台 云网站 党务 政务 商务 智网 行业云,欢迎使用鸿蒙蝴蝶云,39.938884:116.397459,北京,中国
yfxindedengshi.chci.cn,220.194.59.84,ChinaUnicom,iot.chci.cn|s.i369.com|www.chci.cn|agents.chci.cn|yunzhi.chci.cn|mail.vcso.cn|admin.chci.cn|nmfdj.i369.com|sso.chci.cn|p.worldhm.com,鸿蒙 鸿蒙云 鸿蒙系统 鸿蒙云系统 鸿蒙CHCI系统 HMCS HMOS 鸿蒙云生态 生态系统 鸿蒙蝴蝶云 蝴蝶云 蝴蝶 蝴蝶云生态 广告DSP 数字乡村 数字中国 云服务 数据服务 IDC中心 ISP 云说 鸿云 鸿云商圈 云名片 云展会 云推广 智能云终端 云平台 云网站 党务 政务 商务 智网 行业云,欢迎使用鸿蒙蝴蝶云,39.938884:116.397459,北京,中国
yfpushangmingdeng.chci.cn,220.194.59.84,ChinaUnicom,iot.chci.cn|s.i369.com|www.chci.cn|agents.chci.cn|yunzhi.chci.cn|mail.vcso.cn|admin.chci.cn|nmfdj.i369.com|sso.chci.cn|p.worldhm.com,鸿蒙 鸿蒙云 鸿蒙系统 鸿蒙云系统 鸿蒙CHCI系统 HMCS HMOS 鸿蒙云生态 生态系统 鸿蒙蝴蝶云 蝴蝶云 蝴蝶 蝴蝶云生态 广告DSP 数字乡村 数字中国 云服务 数据服务 IDC中心 ISP 云说 鸿云 鸿云商圈 云名片 云展会 云推广 智能云终端 云平台 云网站 党务 政务 商务 智网 行业云,欢迎使用鸿蒙蝴蝶云,39.938884:116.397459,北京,中国
yongrong.chci.cn,220.194.59.84,ChinaUnicom,iot.chci.cn|s.i369.com|www.chci.cn|agents.chci.cn|yunzhi.chci.cn|mail.vcso.cn|admin.chci.cn|nmfdj.i369.com|sso.chci.cn|p.worldhm.com,鸿蒙 鸿蒙云 鸿蒙系统 鸿蒙云系统 鸿蒙CHCI系统 HMCS HMOS 鸿蒙云生态 生态系统 鸿蒙蝴蝶云 蝴蝶云 蝴蝶 蝴蝶云生态 广告DSP 数字乡村 数字中国 云服务 数据服务 IDC中心 ISP 云说 鸿云 鸿云商圈 云名片 云展会 云推广 智能云终端 云平台 云网站 党务 政务 商务 智网 行业云,欢迎使用鸿蒙蝴蝶云,39.938884:116.397459,北京,中国
yfwuguangshise.chci.cn,220.194.59.84,ChinaUnicom,iot.chci.cn|s.i369.com|www.chci.cn|agents.chci.cn|yunzhi.chci.cn|mail.vcso.cn|admin.chci.cn|nmfdj.i369.com|sso.chci.cn|p.worldhm.com,鸿蒙 鸿蒙云 鸿蒙系统 鸿蒙云系统 鸿蒙CHCI系统 HMCS HMOS 鸿蒙云生态 生态系统 鸿蒙蝴蝶云 蝴蝶云 蝴蝶 蝴蝶云生态 广告DSP 数字乡村 数字中国 云服务 数据服务 IDC中心 ISP 云说 鸿云 鸿云商圈 云名片 云展会 云推广 智能云终端 云平台 云网站 党务 政务 商务 智网 行业云,欢迎使用鸿蒙蝴蝶云,39.938884:116.397459,北京,中国
yhznkj.chci.cn,220.194.59.84,ChinaUnicom,iot.chci.cn|s.i369.com|www.chci.cn|agents.chci.cn|yunzhi.chci.cn|mail.vcso.cn|admin.chci.cn|nmfdj.i369.com|sso.chci.cn|p.worldhm.com,鸿蒙 鸿蒙云 鸿蒙系统 鸿蒙云系统 鸿蒙CHCI系统 HMCS HMOS 鸿蒙云生态 生态系统 鸿蒙蝴蝶云 蝴蝶云 蝴蝶 蝴蝶云生态 广告DSP 数字乡村 数字中国 云服务 数据服务 IDC中心 ISP 云说 鸿云 鸿云商圈 云名片 云展会 云推广 智能云终端 云平台 云网站 党务 政务 商务 智网 行业云,欢迎使用鸿蒙蝴蝶云,39.938884:116.397459,北京,中国
yfqunximumen.chci.cn,220.194.59.84,ChinaUnicom,iot.chci.cn|s.i369.com|www.chci.cn|agents.chci.cn|yunzhi.chci.cn|mail.vcso.cn|admin.chci.cn|nmfdj.i369.com|sso.chci.cn|p.worldhm.com,鸿蒙 鸿蒙云 鸿蒙系统 鸿蒙云系统 鸿蒙CHCI系统 HMCS HMOS 鸿蒙云生态 生态系统 鸿蒙蝴蝶云 蝴蝶云 蝴蝶 蝴蝶云生态 广告DSP 数字乡村 数字中国 云服务 数据服务 IDC中心 ISP 云说 鸿云 鸿云商圈 云名片 云展会 云推广 智能云终端 云平台 云网站 党务 政务 商务 智网 行业云,欢迎使用鸿蒙蝴蝶云,39.938884:116.397459,北京,中国
zhuanlan.51cto.com,203.107.44.140,ALIYUN,image.51cto.com|news.51cto.com|b.51cto.com|x.51cto.com|www.idcquan.com|blockchain.51cto.com|www.mydrivers.com|www.iresearch.cn|www.geekpark.net|iot.51cto.com|mobile.51cto.com|www.techwalker.com|www.chinaz.com|www.cet.com.cn|bbs.51cto.com|tech.163.com|network.51cto.com|wot.51cto.com|netsecurity.51cto.com|database.51cto.com|b.edu.51cto.com|www.sootoo.com|blog.51cto.com|zhibo.51cto.com|www.d1net.com|weibo.com|www.pedaily.cn|e.51cto.com|metacon.51cto.com|www.cioage.com|www.hc3i.cn|so.51cto.com|os.51cto.com|www.iitime.com.cn|developer.51cto.com|ai.51cto.com|tech.ifeng.com|www.techweb.com.cn|server.51cto.com|tech.qq.com|edu.51cto.com|www.ithome.com|tech.sina.com.cn|www.263.net|cloud.51cto.com|harmonyos.51cto.com,技术媒体 在线教育 视频课程 企业培训 鸿蒙社区 开发者社区 资讯 职场 技术博客 软考 认证考试 开发 编程语言 物联网 HarmonyOS 人工智能 大数据 国产化 软件开发 网络 系统 操作系统 运维 安全 存储 数据库 企业解决方案 华为,51CTO是中国领先的IT技术在线学习平台和中国最大的IT技术社区之一，以服务IT技术人员职业成长为己任，对中国数千万IT技术人员拥有强大的影响力和服务能力。通过技术社区、技术博客和新媒体矩阵等综合产品服务体系，凝聚了2000万+IT技术人员、50万+位技术博主和近千家IT公司的CTO；通过丰富且高质量的IT技术在线教育资源，完整覆盖就业培训、在职提升、认证考试等职业教育领域，分别打造企业培训、个人提升创新产品矩阵，服务IT人才成长。同时，作为华为鸿蒙操作系统合作伙伴，51CTO承担了鸿蒙官方技术社区的运营，全力服务于鸿蒙开发者生态。,36.894402:104.166,,中国
1111ht.com,107.151.93.94,ceranetworks.com,www.wangxiaolaoshi.com|www.sh-jyqh.com|www.xm7788.com|www.fpftnsy.com|www.chibo520.com|www.mioagri.com,单职业传奇私服 变态单职业传奇sf 轻变单职业传奇 微变单职业传奇 超变单职业传奇 鸿蒙单职业传奇 新开单职业传奇私服发布网站,新开单职业传奇私服发布网站是变态单职业传奇sf体系中一款基于云端服务技术的单职业传奇私服攻略平台 集轻变单职业传奇 微变单职业传奇 超变单职业传奇 鸿蒙单职业传奇于一体的攻略资讯;专门针对喜欢各类单职业传奇私服的游戏玩家而设计.,22.396428:114.109497,,中国
unionman.atobo.com,106.3.145.230,ChinaUnicom,my.atobo.com|m.atobo.com|beian.miit.gov.cn|unionman.suinidai.com.cn|www.atobo.com|unionman.baiyegu.com,广东九联科技股份有限公司；“路由器”“摄像头”“鸿蒙系统”“门铃”“VR”“光猫”“机顶盒”,广东九联科技股份有限公司，主要经营：“路由器”“摄像头”“鸿蒙系统”“门铃”“VR”“光猫”“机顶盒”；公司位于美丽的惠州市惠澳大道惠南高新科技产业园惠泰路5号。,39.938884:116.397459,北京,中国
b.i369.com,220.194.59.84,ChinaUnicom,,鸿蒙 鸿蒙云 鸿蒙系统 鸿蒙云系统 鸿蒙CHCI系统 HMCS HMOS 鸿蒙云生态 生态系统 鸿蒙蝴蝶云 蝴蝶云 蝴蝶 蝴蝶云生态 广告DSP 数字乡村 数字中国 云服务 数据服务 IDC中心 ISP 云说 鸿云 鸿云商圈 云名片 云展会 云推广 智能云终端 云平台 云网站 党务 政务 商务 智网 行业云,欢迎使用鸿蒙蝴蝶云,39.938884:116.397459,北京,中国
bdzxpc.chci.cn,220.194.59.84,ChinaUnicom,iot.chci.cn|s.i369.com|www.chci.cn|agents.chci.cn|yunzhi.chci.cn|mail.vcso.cn|admin.chci.cn|nmfdj.i369.com|sso.chci.cn|p.worldhm.com,鸿蒙 鸿蒙云 鸿蒙系统 鸿蒙云系统 鸿蒙CHCI系统 HMCS HMOS 鸿蒙云生态 生态系统 鸿蒙蝴蝶云 蝴蝶云 蝴蝶 蝴蝶云生态 广告DSP 数字乡村 数字中国 云服务 数据服务 IDC中心 ISP 云说 鸿云 鸿云商圈 云名片 云展会 云推广 智能云终端 云平台 云网站 党务 政务 商务 智网 行业云,欢迎使用鸿蒙蝴蝶云,39.938884:116.397459,北京,中国
